longitude,latitude,terrain
-86.9912652859833,40.47233062901123,Grass
-86.99126528744632,40.472330638894285,Grass
-86.99126528851862,40.47233065109421,Grass
-86.99126529172129,40.4723306479622,Grass
-86.99126529740097,40.47233065213049,Grass
-86.99126530346764,40.472330654466994,Grass
-86.99126530922265,40.472330654142525,Grass
-86.99126531022593,40.47233064660018,Grass
-86.99126530720743,40.472330632416856,Grass
-86.99126530102323,40.47233061278322,Grass
-86.9912652918223,40.47233058916325,Grass
-86.99126528551544,40.47233055921543,Grass
-86.99126528256535,40.47233052474492,Grass
-86.99126527967648,40.47233048914503,Grass
-86.99126527712214,40.472330451464224,Grass
-86.99126527545882,40.47233041110548,Grass
-86.99126527437049,40.472330367576056,Grass
-86.99126527365252,40.47233032055068,Grass
-86.9912652731755,40.472330269815366,Grass
-86.99126527285696,40.47233021522957,Grass
-86.99126527264359,40.47233015670121,Grass
-86.99126527250073,40.472330094170445,Grass
-86.99126527240551,40.47233002759884,Grass
-86.99126527234283,40.472329956962255,Grass
-86.99126527230244,40.47232988224622,Grass
-86.99126527227757,40.47232980344263,Grass
-86.99126527226353,40.47232972054774,Grass
-86.99126527225715,40.472329633943,Grass
-86.99126527222835,40.472329544215,Grass
-86.99126526919393,40.47232964841873,Grass
-86.99126527735423,40.47232993614831,Grass
-86.99126531823681,40.47233040504285,Grass
-86.99126540678947,40.4723310356075,Grass
-86.9912655302127,40.472331723399016,Grass
-86.99126567794467,40.4723324210748,Grass
-86.99126584491539,40.47233311284379,Grass
-86.99126602486147,40.472333813814814,Grass
-86.99126620886317,40.47233453021844,Grass
-86.99126639531117,40.47233525111485,Grass
-86.9912665808847,40.47233595055607,Grass
-86.9912667784047,40.472336641811886,Grass
-86.99126698577768,40.47233734506143,Grass
-86.99126719296862,40.47233805230729,Grass
-86.99126739911193,40.47233875134727,Grass
-86.99126761350237,40.47233946389544,Grass
-86.9912678313482,40.47234018992796,Grass
-86.99126805229265,40.472340916443216,Grass
-86.99126827457081,40.47234162695119,Grass
-86.99126850377824,40.472342315426594,Grass
-86.99126875326193,40.47234301249705,Grass
-86.99126901588933,40.47234371414121,Grass
-86.99126928352452,40.472344415260864,Grass
-86.99126955600563,40.472345123240906,Grass
-86.99126982696298,40.472345820176365,Grass
-86.99127010231278,40.47234650661538,Grass
-86.99127038588902,40.47234718148711,Grass
-86.99127067980416,40.47234786184128,Grass
-86.99127095181117,40.4723484907718,Grass
-86.99127119697347,40.472349053126365,Grass
-86.99127143474246,40.47234958978292,Grass
-86.99127167264894,40.472350120053015,Grass
-86.99127190596988,40.472350628286975,Grass
-86.99127215491131,40.47235114617305,Grass
-86.99127241513014,40.47235167080191,Grass
-86.99127267237888,40.472352178601376,Grass
-86.99127292136512,40.47235265798992,Grass
-86.99127316234876,40.47235309213869,Grass
-86.99127343797754,40.47235351962509,Grass
-86.99127372327555,40.47235394676896,Grass
-86.99127399677262,40.4723543580107,Grass
-86.99127424307541,40.4723547302645,Grass
-86.99127448757271,40.47235509415781,Grass
-86.99127471679382,40.47235545040013,Grass
-86.99127490966329,40.472355803097486,Grass
-86.99127505154924,40.47235614160813,Grass
-86.99127513747443,40.47235645131124,Grass
-86.99127517342646,40.472356719694446,Grass
-86.9912751689381,40.47235694761078,Grass
-86.9912751412646,40.4723571258612,Grass
-86.99127506753193,40.47235730671139,Grass
-86.99127489541078,40.4723575334876,Grass
-86.99127460859766,40.47235779584712,Grass
-86.99127419665649,40.47235807644129,Grass
-86.99127366509414,40.47235835927264,Grass
-86.99127305192225,40.472358621595326,Grass
-86.99127237305379,40.472358851347195,Grass
-86.99127162578164,40.47235904539606,Grass
-86.99127084479287,40.47235920564134,Grass
-86.99127006158116,40.47235933215137,Grass
-86.99126927436987,40.47235942871789,Grass
-86.99126846928264,40.472359498493816,Grass
-86.99126764836765,40.47235954318735,Grass
-86.99126681880009,40.47235956228053,Grass
-86.99126595407517,40.47235954691045,Grass
-86.9912650377488,40.47235949174345,Grass
-86.99126412464214,40.47235940155846,Grass
-86.99126318819354,40.472359278713235,Grass
-86.99126223973627,40.47235913250284,Grass
-86.99126131083614,40.47235897520257,Grass
-86.99126039733382,40.472358816830365,Grass
-86.99125949477677,40.47235866313514,Grass
-86.99125863151009,40.47235852652761,Grass
-86.99125782309035,40.47235841122375,Grass
-86.99125703253021,40.472358313814894,Grass
-86.99125626086467,40.47235823725184,Grass
-86.99125550035228,40.47235818047035,Grass
-86.99125475136253,40.47235814678388,Grass
-86.99125399283342,40.47235813773676,Grass
-86.99125323297518,40.472358155386715,Grass
-86.99125247501257,40.47235820202228,Grass
-86.99125170819536,40.47235828293192,Grass
-86.99125095451265,40.47235839750912,Grass
-86.99125021293298,40.47235854638165,Grass
-86.99124948151437,40.47235873320326,Grass
-86.99124877915047,40.47235895078528,Grass
-86.99124810491683,40.472359196829075,Grass
-86.99124746847082,40.47235946539344,Grass
-86.99124685279519,40.472359761422766,Grass
-86.99124627435715,40.4723600739706,Road
-86.99124570412701,40.47236041554424,Road
-86.99124514120865,40.47236078183886,Road
-86.99124457852474,40.4723611699644,Road
-86.99124401987874,40.472361566610935,Road
-86.99124346345769,40.47236196268861,Road
-86.99124288304145,40.472362365965445,Road
-86.9912422897574,40.47236275742469,Road
-86.99124168579199,40.47236312983652,Road
-86.99124107017772,40.47236347870511,Road
-86.99124044303845,40.47236380088416,Road
-86.99123982746828,40.47236408332856,Road
-86.99123918442315,40.47236434328072,Road
-86.9912385161687,40.47236457911672,Road
-86.99123783638177,40.47236478559783,Road
-86.99123716078559,40.47236495761616,Road
-86.99123648944997,40.47236509548991,Road
-86.99123581797609,40.47236520152708,Road
-86.99123513704362,40.47236527682773,Road
-86.99123444182494,40.47236532009011,Road
-86.99123373505941,40.47236532989388,Road
-86.99123304272327,40.47236530686019,Road
-86.99123237308427,40.472365255089805,Road
-86.991231740735,40.472365167762696,Road
-86.99123112565637,40.4723650358582,Road
-86.99123051810554,40.472364854275135,Road
-86.99122990985222,40.47236462178106,Road
-86.99122930593894,40.472364349196624,Road
-86.99122870923155,40.47236404465517,Road
-86.9912281253851,40.4723637145292,Road
-86.99122755781039,40.47236336199848,Road
-86.99122700647612,40.47236298930242,Road
-86.99122648280553,40.47236260241173,Road
-86.99122599607331,40.47236220832336,Road
-86.9912255319148,40.47236179646312,Road
-86.99122509097901,40.47236136202689,Road
-86.99122468581167,40.472360913368654,Road
-86.99122431743177,40.472360453272216,Road
-86.99122398397995,40.47235997725296,Road
-86.99122368895294,40.47235948373352,Road
-86.99122343799257,40.472358988425455,Road
-86.99122323177619,40.472358492525935,Road
-86.99122306709715,40.47235798941997,Road
-86.9912229432348,40.472357476845474,Road
-86.99122286013427,40.472356951538245,Road
-86.99122281917809,40.47235642333499,Road
-86.99122282771046,40.47235588975868,Road
-86.99122288526769,40.47235535739676,Road
-86.99122298952112,40.4723548175466,Road
-86.99122313617875,40.47235429467371,Road
-86.99122332368948,40.47235379039127,Road
-86.99122356266663,40.47235328732021,Road
-86.99122385324743,40.472352794489886,Road
-86.99122418147388,40.47235231856792,Road
-86.99122454151333,40.472351864385274,Road
-86.99122493276052,40.4723514275936,Road
-86.99122535754326,40.472351006966726,Road
-86.99122581238588,40.47235060268265,Road
-86.9912262694395,40.4723502351839,Road
-86.99122677341411,40.47234987355704,Road
-86.99122730892127,40.4723495275874,Road
-86.99122785606825,40.47234921148775,Road
-86.9912284416363,40.472348912953024,Road
-86.99122903996356,40.47234864573095,Road
-86.99122967017993,40.47234840203247,Road
-86.99123033513676,40.472348183732855,Road
-86.99123099556569,40.47234799977753,Road
-86.99123167926739,40.47234784901244,Road
-86.99123236132942,40.47234773143602,Road
-86.99123305214151,40.47234764925359,Road
-86.99123375223985,40.472347599124255,Road
-86.99123447023737,40.4723475830265,Road
-86.99123517462101,40.47234759927639,Road
-86.9912359033911,40.47234765079202,Road
-86.99123663806215,40.472347738034735,Road
-86.99123738883843,40.47234786322091,Road
-86.99123814466374,40.472348028322536,Road
-86.9912389121839,40.472348244458,Road
-86.99123967526855,40.47234849020521,Road
-86.99124039704675,40.47234875264994,Road
-86.99124106788747,40.47234904651942,Road
-86.99124171204174,40.47234938983923,Road
-86.99124233556162,40.47234977534666,Road
-86.99124294808041,40.47235019222327,Road
-86.99124353064337,40.47235061262568,Road
-86.99124409677478,40.472351036838205,Road
-86.99124469308633,40.47235148890488,Road
-86.99124532963593,40.47235195654808,Road
-86.99124600539565,40.47235242278192,Road
-86.99124672674962,40.47235288028881,Road
-86.99124746658518,40.47235330051314,Grass
-86.99124822174043,40.47235368135853,Grass
-86.99124900396208,40.472354024153866,Grass
-86.99124979000517,40.47235432313846,Grass
-86.99125059514579,40.47235458294248,Grass
-86.9912514106067,40.472354803214,Grass
-86.99125225349296,40.47235499922616,Grass
-86.99125311099827,40.47235517244046,Grass
-86.99125396703992,40.47235531872274,Grass
-86.99125479444275,40.47235543417751,Grass
-86.9912556417094,40.472355526293526,Grass
-86.99125651743297,40.47235560309553,Grass
-86.99125738966895,40.472355664551166,Grass
-86.99125828620613,40.47235571191592,Grass
-86.9912591763655,40.47235574650448,Grass
-86.99126006698121,40.472355770041936,Grass
-86.99126094816539,40.472355784891285,Grass
-86.99126183340589,40.47235579344232,Grass
-86.99126271230814,40.47235579498683,Grass
-86.99126359292758,40.472355785557134,Grass
-86.99126449020211,40.472355760652576,Grass
-86.99126539844904,40.472355720675786,Grass
-86.9912663107539,40.47235566945552,Grass
-86.99126723207952,40.47235561180281,Grass
-86.99126813313806,40.47235555186768,Grass
-86.9912690170995,40.47235549249368,Grass
-86.99126988592349,40.47235543775788,Grass
-86.99127077647,40.472355385943295,Grass
-86.99127166069286,40.472355326623074,Grass
-86.99127253889617,40.4723552615376,Grass
-86.9912734095667,40.47235519899382,Grass
-86.99127425268605,40.47235514624549,Grass
-86.99127507710227,40.47235510838516,Grass
-86.99127586570286,40.47235509135036,Grass
-86.99127661775626,40.4723550977632,Grass
-86.99127736557753,40.47235512850008,Grass
-86.99127809032598,40.47235518602713,Grass
-86.99127881924461,40.47235527444589,Grass
-86.99127957388646,40.472355401448965,Grass
-86.99128031338,40.47235555968951,Grass
-86.99128101708375,40.472355745935744,Grass
-86.9912816633114,40.472355957229226,Grass
-86.99128228608141,40.47235622325175,Grass
-86.9912829109382,40.47235656036791,Grass
-86.99128353775654,40.472356962738225,Grass
-86.99128415221418,40.47235739615926,Grass
-86.99128475094622,40.472357843621296,Grass
-86.99128531695865,40.47235827954688,Grass
-86.99128588307633,40.47235871739735,Grass
-86.99128645132049,40.4723591489302,Grass
-86.99128703475176,40.47235957460232,Grass
-86.99128761884349,40.47235997642681,Grass
-86.99128821514765,40.472360359079005,Grass
-86.9912888352308,40.472360723747165,Grass
-86.99128944529944,40.4723610506136,Grass
-86.99129006278835,40.472361349915175,Grass
-86.99129070704046,40.47236162895821,Grass
-86.99129136229902,40.47236187859232,Grass
-86.99129202876509,40.47236209687868,Grass
-86.99129271878557,40.47236228690858,Grass
-86.99129340499134,40.47236244128035,Grass
-86.99129408443771,40.47236256008436,Grass
-86.99129478144945,40.4723626476202,Grass
-86.99129549588811,40.47236270300514,Grass
-86.99129620302786,40.47236272267732,Grass
-86.99129690541211,40.47236270613946,Grass
-86.9912976166461,40.47236265289591,Grass
-86.99129833165904,40.47236256244014,Grass
-86.99129903201231,40.47236244457149,Grass
-86.99129972565595,40.47236229828049,Grass
-86.99130041493413,40.47236212375484,Grass
-86.99130108411043,40.472361923343264,Grass
-86.99130173634143,40.47236169397308,Grass
-86.99130233278554,40.47236145177198,Grass
-86.99130290949051,40.47236118330303,Grass
-86.99130346428842,40.47236088702786,Grass
-86.99130398602922,40.47236056638479,Grass
-86.99130447659324,40.472360223633615,Grass
-86.99130493101447,40.47235985200577,Grass
-86.99130535044645,40.47235944410441,Grass
-86.99130572848544,40.47235900281872,Grass
-86.99130607914253,40.47235854328382,Grass
-86.99130640545465,40.472358063330695,Grass
-86.99130669954894,40.47235757360176,Grass
-86.99130695944224,40.47235707853613,Grass
-86.99130717185142,40.472356594199795,Grass
-86.99130732892006,40.47235609486271,Grass
-86.99130742864584,40.472355578771214,Grass
-86.99130747129757,40.47235505171244,Grass
-86.99130746228305,40.47235450890088,Grass
-86.99130741115097,40.472353967813305,Grass
-86.99130732289842,40.47235342282329,Grass
-86.99130720014254,40.472352887327325,Grass
-86.99130704187641,40.47235235193848,Grass
-86.99130684469051,40.47235180935223,Grass
-86.99130661556225,40.47235128026561,Grass
-86.99130635973634,40.47235077071445,Grass
-86.99130607375133,40.47235027619688,Grass
-86.99130575338842,40.472349789829295,Grass
-86.99130538944473,40.47234930474033,Grass
-86.9913050054335,40.47234884860188,Grass
-86.99130458747021,40.472348410808976,Grass
-86.99130413991054,40.47234800593205,Grass
-86.99130365278158,40.472347620147744,Grass
-86.99130312952734,40.47234725656787,Grass
-86.99130257755486,40.47234692033254,Grass
-86.991302001139,40.47234661035442,Grass
-86.99130139701815,40.47234632395495,Grass
-86.99130077563962,40.47234606575102,Grass
-86.99130014256214,40.47234583881089,Grass
-86.99129948399569,40.47234563884472,Grass
-86.99129879509498,40.4723454636961,Grass
-86.99129811802273,40.47234532259737,Grass
-86.99129742374812,40.47234520903887,Grass
-86.99129674678223,40.472345127666,Grass
-86.99129606613843,40.47234508777667,Grass
-86.99129536855827,40.47234509453533,Grass
-86.99129466488678,40.4723451511236,Grass
-86.99129393946393,40.47234525180636,Grass
-86.99129320851621,40.47234538676709,Grass
-86.99129249841225,40.472345547189846,Grass
-86.99129178212979,40.47234573826932,Grass
-86.99129107922225,40.47234595486263,Grass
-86.99129039345532,40.472346194430266,Grass
-86.99128973211128,40.472346453982205,Grass
-86.99128908763932,40.472346736673536,Grass
-86.99128847065363,40.47234703809566,Grass
-86.99128787855336,40.472347358113645,Grass
-86.99128730284738,40.47234769874346,Grass
-86.99128673852017,40.47234805789353,Grass
-86.9912861681806,40.472348440994075,Grass
-86.991285580576,40.47234884290328,Grass
-86.99128496981548,40.47234925332848,Grass
-86.9912843213727,40.472349669151114,Grass
-86.991283634321,40.47235007924304,Grass
-86.99128291888634,40.472350473988186,Grass
-86.9912821738644,40.47235084878821,Grass
-86.99128140861897,40.47235119318656,Grass
-86.99128062267668,40.472351503672655,Grass
-86.99127983461844,40.47235177258969,Grass
-86.9912790408198,40.472352000944795,Grass
-86.9912782434156,40.47235218932545,Grass
-86.9912774607987,40.47235233793205,Grass
-86.99127668580421,40.472352451396894,Grass
-86.99127591027148,40.472352533178,Grass
-86.99127508354533,40.472352590775,Grass
-86.99127424669808,40.47235263138161,Grass
-86.9912734218718,40.47235265839053,Grass
-86.9912726030193,40.47235267766131,Grass
-86.99127179880419,40.47235269160904,Grass
-86.99127099545609,40.472352701000126,Grass
-86.99127019177658,40.4723527080866,Grass
-86.99126937644851,40.47235271285818,Grass
-86.99126855995803,40.472352714381245,Grass
-86.99126774763289,40.47235271350065,Grass
-86.99126693529796,40.472352711374405,Grass
-86.99126609050043,40.47235270673611,Grass
-86.99126524184416,40.472352700934806,Grass
-86.99126440569562,40.47235269284209,Grass
-86.99126354937636,40.472352681239606,Grass
-86.99126270478631,40.472352664127385,Grass
-86.99126185497475,40.4723526433151,Grass
-86.99126101367726,40.47235263231799,Grass
-86.99126017614785,40.47235263458744,Grass
-86.99125935964382,40.47235264758517,Grass
-86.991258554484,40.47235266785758,Grass
-86.99125774136705,40.472352692034725,Grass
-86.99125695454849,40.472352716508695,Grass
-86.99125615583041,40.472352745139915,Grass
-86.9912553511638,40.47235278015087,Grass
-86.99125455104013,40.47235282075788,Grass
-86.99125376092718,40.47235287239467,Grass
-86.99125299113604,40.47235293894651,Grass
-86.99125221149276,40.4723530270898,Grass
-86.9912514241191,40.47235314257143,Grass
-86.99125063126036,40.472353289453,Grass
-86.99124984450675,40.47235347066815,Grass
-86.99124907586938,40.47235368475291,Grass
-86.99124834160023,40.47235392699893,Grass
-86.99124764673662,40.47235419438155,Grass
-86.99124698573527,40.47235448717304,Grass
-86.99124634473218,40.47235480609264,Road
-86.99124571815827,40.4723551537927,Road
-86.99124511681828,40.47235552016942,Road
-86.99124453000954,40.47235590302244,Road
-86.99124397626329,40.47235628108399,Road
-86.99124342801755,40.47235666490157,Road
-86.99124285882142,40.47235706394965,Road
-86.99124227328832,40.47235746352152,Road
-86.9912416879236,40.472357844913546,Road
-86.99124108981934,40.4723582101683,Road
-86.99124048420718,40.47235854981058,Road
-86.99123986839945,40.47235886279142,Road
-86.99123922933661,40.47235915226466,Road
-86.99123856653219,40.47235942057241,Road
-86.99123789008969,40.47235966300614,Road
-86.99123721303869,40.4723598721233,Road
-86.99123652467571,40.47236005116188,Road
-86.99123583128193,40.47236019523656,Road
-86.99123513876819,40.4723603016954,Road
-86.99123446231648,40.4723603690784,Road
-86.99123380304422,40.47236039817464,Road
-86.9912331259786,40.47236039235685,Road
-86.99123245603566,40.47236035873837,Road
-86.99123179919141,40.47236029061623,Road
-86.99123116551904,40.47236018573397,Road
-86.99123053770053,40.472360040666096,Road
-86.99122991737326,40.47235985474854,Road
-86.99122930766654,40.472359628816406,Road
-86.9912287093477,40.47235935992807,Road
-86.99122812388265,40.47235905720722,Road
-86.99122757459337,40.47235873514135,Road
-86.99122704886838,40.472358391134414,Road
-86.9912265387184,40.47235801987313,Road
-86.99122606650428,40.472357637830335,Road
-86.99122562901125,40.472357235988696,Road
-86.99122521868291,40.47235680671651,Road
-86.99122485071548,40.47235637024724,Road
-86.99122450913427,40.47235591110996,Road
-86.99122418966637,40.472355424629306,Road
-86.99122389826138,40.47235491825778,Road
-86.99122364548816,40.472354402241606,Road
-86.99122342929863,40.472353877996,Road
-86.99122324154368,40.47235332667253,Road
-86.99122309151902,40.47235276893005,Road
-86.99122298147246,40.47235220896805,Road
-86.99122291517233,40.47235163974898,Road
-86.99122289145215,40.47235108996396,Road
-86.99122290792636,40.472350543399,Road
-86.99122296636645,40.47234999805165,Road
-86.99122307396023,40.472349452666016,Road
-86.99122322409438,40.47234892267001,Road
-86.99122340903656,40.47234841669279,Road
-86.9912236391646,40.47234791187321,Road
-86.9912239062438,40.47234742487797,Road
-86.99122421781665,40.472346948790914,Road
-86.99122457886152,40.47234647723176,Road
-86.99122498874736,40.47234601286229,Road
-86.99122543362881,40.47234556895721,Road
-86.991225907891,40.47234515199435,Road
-86.99122641784963,40.47234475417977,Road
-86.99122696673795,40.47234436977602,Road
-86.99122753055065,40.47234401663204,Road
-86.99122812673401,40.47234368631066,Road
-86.99122874750604,40.47234338576717,Road
-86.99122937203597,40.47234312167453,Road
-86.99123001915329,40.47234288525756,Road
-86.99123069731009,40.4723426808626,Road
-86.99123138595839,40.47234250958128,Road
-86.99123207187475,40.472342374901686,Road
-86.99123274732878,40.472342277066595,Road
-86.99123346085862,40.47234221127922,Road
-86.99123414522244,40.472342179477344,Road
-86.99123483317261,40.4723421793372,Road
-86.99123554298791,40.47234221525225,Road
-86.9912362652282,40.472342287339735,Road
-86.99123699514541,40.4723423956602,Road
-86.99123771256123,40.47234253708937,Road
-86.99123842725682,40.47234271609141,Road
-86.99123912931155,40.472342930681606,Road
-86.99123982541937,40.47234318140341,Road
-86.99124049815782,40.47234346656394,Road
-86.99124114598892,40.47234379210165,Road
-86.99124176810632,40.472344149318566,Road
-86.99124235707274,40.4723445205494,Road
-86.99124294166161,40.47234491644059,Road
-86.99124353056159,40.47234531557701,Road
-86.99124411708802,40.47234570633607,Road
-86.99124473993741,40.47234611158181,Road
-86.9912454120858,40.47234653019766,Road
-86.99124613822147,40.47234695370323,Road
-86.99124689291327,40.47234736140375,Grass
-86.99124766366448,40.472347741106994,Grass
-86.99124846386259,40.47234809462064,Grass
-86.99124928369484,40.47234841682016,Grass
-86.9912500933528,40.47234869765112,Grass
-86.99125092624695,40.47234894577392,Grass
-86.99125176217123,40.47234915919544,Grass
-86.9912525889734,40.4723493364352,Grass
-86.9912534271098,40.47234948309757,Grass
-86.99125426523167,40.47234959957523,Grass
-86.991255094503,40.47234968915869,Grass
-86.99125592010684,40.47234976088202,Grass
-86.99125675866328,40.47234981900581,Grass
-86.99125761685077,40.47234986535809,Grass
-86.99125848423635,40.472349901816955,Grass
-86.99125935518472,40.4723499311259,Grass
-86.9912602482636,40.4723499559392,Grass
-86.99126113932601,40.47234997525343,Grass
-86.99126201747043,40.47234999243889,Grass
-86.99126289424655,40.47235000859816,Grass
-86.9912637870143,40.47235002698243,Grass
-86.99126467167589,40.472350047554364,Grass
-86.9912655477301,40.472350068614176,Grass
-86.99126642631414,40.47235008588889,Grass
-86.99126729621406,40.47235009697615,Grass
-86.99126816824698,40.47235011080912,Grass
-86.99126902435358,40.47235011603124,Grass
-86.99126988822398,40.472350106990646,Grass
-86.99127074296437,40.47235008655172,Grass
-86.99127159691454,40.4723500588975,Grass
-86.99127242699358,40.47235002735452,Grass
-86.99127327062638,40.472349996440315,Grass
-86.99127408173747,40.472349972338016,Grass
-86.99127490905944,40.47234995996078,Grass
-86.99127572479507,40.472349965070784,Grass
-86.99127655600823,40.47234999297347,Grass
-86.991277398332,40.47235004949833,Grass
-86.99127825797453,40.472350137379856,Grass
-86.99127913895802,40.47235025370117,Grass
-86.99128002274901,40.47235040434878,Grass
-86.99128087302496,40.47235058715108,Grass
-86.99128165172057,40.472350790056794,Grass
-86.99128239972731,40.47235102281796,Grass
-86.99128310325356,40.47235128523344,Grass
-86.99128378451361,40.472351586164976,Grass
-86.99128442170054,40.47235190936653,Grass
-86.99128506411985,40.47235227491685,Grass
-86.99128570538728,40.47235266833072,Grass
-86.99128635722627,40.47235308498389,Grass
-86.99128700703098,40.4723535065619,Grass
-86.99128766064534,40.4723539248826,Grass
-86.99128830955361,40.472354326934514,Grass
-86.99128895711314,40.47235470927154,Grass
-86.99128961948803,40.4723550780754,Grass
-86.99129030229837,40.47235542892397,Grass
-86.99129096234574,40.47235573737987,Grass
-86.9912916487975,40.47235602504019,Grass
-86.99129234809126,40.47235628264599,Grass
-86.99129304043126,40.472356501292154,Grass
-86.99129375258426,40.47235668964562,Grass
-86.991294445604,40.47235683488823,Grass
-86.99129514101585,40.472356947204496,Grass
-86.99129584130459,40.47235702376928,Grass
-86.99129653956473,40.47235706453658,Grass
-86.9912972289549,40.47235707335849,Grass
-86.9912979188728,40.47235704596103,Grass
-86.99129859155452,40.47235698472826,Grass
-86.9912992626094,40.47235688849634,Grass
-86.99129992291918,40.47235675497845,Grass
-86.99130055818281,40.47235658930381,Grass
-86.9913011736263,40.472356393869646,Grass
-86.99130176672348,40.47235616668189,Grass
-86.99130233521994,40.47235590823615,Grass
-86.99130288982249,40.47235561780407,Grass
-86.99130343018713,40.47235528930086,Grass
-86.99130395937564,40.47235492125764,Grass
-86.99130445877152,40.472354529287195,Grass
-86.99130491885742,40.47235411819227,Grass
-86.99130534177633,40.47235368726341,Grass
-86.99130573352784,40.472353232729965,Grass
-86.99130608791091,40.4723527609096,Grass
-86.9913063990221,40.47235228563947,Grass
-86.9913066801325,40.47235178312694,Grass
-86.99130691917912,40.47235127284127,Grass
-86.99130711695517,40.47235075822821,Grass
-86.99130728088302,40.47235021560693,Grass
-86.99130740208734,40.47234966911864,Grass
-86.99130747957138,40.472349129128126,Grass
-86.99130751430945,40.47234856783544,Grass
-86.99130750305049,40.472348007673446,Grass
-86.99130744903779,40.472347466227205,Grass
-86.99130735071353,40.47234692404866,Grass
-86.99130721281163,40.47234638890605,Grass
-86.99130703133673,40.47234586585713,Grass
-86.99130680162534,40.47234535486925,Grass
-86.99130651823762,40.4723448484191,Grass
-86.99130619223263,40.472344351748994,Grass
-86.99130583475164,40.47234387719296,Grass
-86.99130545579875,40.472343431535954,Grass
-86.99130506496915,40.47234301734724,Grass
-86.99130463864273,40.472342607686016,Grass
-86.99130417965256,40.47234220947608,Grass
-86.9913036843932,40.47234182616972,Grass
-86.99130316014937,40.472341464573205,Grass
-86.99130263698649,40.47234113859548,Grass
-86.99130210376705,40.47234084616687,Grass
-86.99130153085916,40.47234058344204,Grass
-86.9913009066275,40.47234034996964,Grass
-86.99130024040849,40.472340149490506,Grass
-86.99129953102091,40.47233998253514,Grass
-86.99129881399949,40.47233984830154,Grass
-86.99129809303636,40.47233974502674,Grass
-86.9912973615891,40.47233967031757,Grass
-86.99129661542479,40.472339622659625,Grass
-86.99129588116695,40.472339603150154,Grass
-86.99129516745914,40.472339613228186,Grass
-86.99129443817785,40.47233965387706,Grass
-86.991293707337,40.472339726370414,Grass
-86.9912929832343,40.47233982854014,Grass
-86.99129230189088,40.47233995522822,Grass
-86.99129165875674,40.47234011611341,Grass
-86.99129102915484,40.47234032373549,Grass
-86.99129040695419,40.47234058223385,Grass
-86.99128980840305,40.4723408765793,Grass
-86.99128922073407,40.472341204204696,Grass
-86.99128863675257,40.472341564936215,Grass
-86.99128806039995,40.472341952462905,Grass
-86.99128749209386,40.47234235509391,Grass
-86.99128695373027,40.47234274960368,Grass
-86.99128642448977,40.472343133305685,Grass
-86.99128584703541,40.4723435181962,Grass
-86.99128524543681,40.47234388264188,Grass
-86.99128460160824,40.47234423343507,Grass
-86.99128393520495,40.4723445596156,Grass
-86.99128323074069,40.47234487088013,Grass
-86.99128249422348,40.472345164261576,Grass
-86.99128175263142,40.47234543157329,Grass
-86.99128099240193,40.472345678986336,Grass
-86.99128023060926,40.47234590127836,Grass
-86.99127946187869,40.47234610068694,Grass
-86.99127866986258,40.47234628003821,Grass
-86.99127787938019,40.472346433764976,Grass
-86.9912771003249,40.4723465600574,Grass
-86.99127632514886,40.47234666411092,Grass
-86.99127554949632,40.47234675005381,Grass
-86.99127475858174,40.47234682099504,Grass
-86.99127396505011,40.47234687952524,Grass
-86.99127316918039,40.47234692725296,Grass
-86.99127236924326,40.472346965737366,Grass
-86.9912715570184,40.47234699821772,Grass
-86.99127073698038,40.47234702658682,Grass
-86.9912699148957,40.472347051193616,Grass
-86.99126909711735,40.47234707213641,Grass
-86.99126826356849,40.472347089761925,Grass
-86.99126743089923,40.47234710414388,Grass
-86.99126660451917,40.472347114691686,Grass
-86.99126577028734,40.47234712136965,Grass
-86.99126492975793,40.47234712209895,Grass
-86.99126409083692,40.47234711629237,Grass
-86.99126325945643,40.47234710860815,Grass
-86.9912624234943,40.47234710324003,Grass
-86.99126158145577,40.47234710158878,Grass
-86.9912607488107,40.47234710550805,Grass
-86.99125993286411,40.472347112768574,Grass
-86.99125915866675,40.472347121321754,Grass
-86.99125838119811,40.4723471310268,Grass
-86.9912575909336,40.47234714359983,Grass
-86.99125680454739,40.47234715803359,Grass
-86.9912560428626,40.472347174548894,Grass
-86.99125531568441,40.472347195235045,Grass
-86.9912545975911,40.47234722370096,Grass
-86.99125387348425,40.472347264872816,Grass
-86.99125313889414,40.47234732398706,Grass
-86.99125239783427,40.47234740298798,Grass
-86.99125165162013,40.47234750424296,Grass
-86.99125087916364,40.472347636426456,Grass
-86.99125012936507,40.4723477943364,Grass
-86.99124937911651,40.47234798579406,Grass
-86.99124868034866,40.47234819813666,Grass
-86.99124801466535,40.47234843785175,Grass
-86.99124735659159,40.47234871341957,Grass
-86.99124673398454,40.47234901293376,Road
-86.99124615738326,40.47234932345705,Road
-86.99124560327658,40.47234965472999,Road
-86.99124505290607,40.47235001306258,Road
-86.99124449232006,40.47235039823246,Road
-86.99124393468254,40.47235079039864,Road
-86.99124337527753,40.47235118304469,Road
-86.9912428001533,40.472351579410734,Road
-86.99124221483731,40.472351968535655,Road
-86.99124161623061,40.47235234505558,Road
-86.9912410008214,40.4723527058774,Road
-86.99124037504475,40.47235304373407,Road
-86.99123974132324,40.47235335382913,Road
-86.99123909364347,40.472353634628575,Road
-86.99123843702748,40.472353882588685,Road
-86.99123776772721,40.47235409992434,Road
-86.9912370928829,40.47235428029971,Road
-86.99123640679393,40.472354426208945,Road
-86.99123570475236,40.47235453494325,Road
-86.991235026216,40.472354606835225,Road
-86.99123433633346,40.47235464475976,Road
-86.99123365387955,40.47235464990962,Road
-86.99123296955575,40.47235462310093,Road
-86.99123230654126,40.47235456718015,Road
-86.99123165851638,40.47235447807038,Road
-86.99123103136611,40.47235435676246,Road
-86.99123042176056,40.47235420807671,Road
-86.99122981356177,40.472354029766656,Road
-86.9912292059724,40.47235381554684,Road
-86.99122860590185,40.472353566712954,Road
-86.99122803943891,40.472353296675216,Road
-86.99122748011737,40.472352994170635,Road
-86.99122694581565,40.47235267045907,Road
-86.99122644828945,40.47235233013341,Road
-86.99122598170939,40.47235195890202,Road
-86.99122553906923,40.47235154640708,Road
-86.99122512473618,40.47235109357307,Road
-86.99122475223106,40.47235062414602,Road
-86.99122441635306,40.472350140929755,Road
-86.99122411236468,40.47234964095888,Road
-86.99122384487582,40.47234913407922,Road
-86.99122360946755,40.472348613273034,Road
-86.99122340465868,40.4723480787794,Road
-86.99122323505446,40.472347543305915,Road
-86.99122310333229,40.47234700541056,Road
-86.99122300922357,40.472346469625215,Road
-86.99122295159128,40.47234592491924,Road
-86.99122293591422,40.47234538009342,Road
-86.99122296332823,40.47234483423623,Road
-86.99122303488998,40.47234428832223,Road
-86.99122315069047,40.47234374171612,Road
-86.99122330318195,40.472343218234,Road
-86.99122349814307,40.472342711850885,Road
-86.99122373641218,40.47234221616783,Road
-86.99122401995814,40.47234172510045,Road
-86.99122434322857,40.47234124782749,Road
-86.99122470669398,40.47234078559581,Road
-86.9912251098968,40.47234034028641,Road
-86.99122553586997,40.47233992715484,Road
-86.99122600577955,40.472339524107696,Road
-86.99122648582016,40.47233915221688,Road
-86.99122698243278,40.4723388238068,Road
-86.99122751750804,40.472338533558975,Road
-86.99122811254887,40.47233827168287,Road
-86.99122875610905,40.47233804380784,Road
-86.9912294226924,40.47233784452338,Road
-86.99123010092073,40.472337673079736,Road
-86.99123079384182,40.47233752506769,Road
-86.99123150497473,40.472337397797695,Road
-86.99123221398445,40.4723372950961,Road
-86.99123294647417,40.47233721656788,Road
-86.99123368169475,40.47233716579694,Road
-86.99123443829625,40.47233714354822,Road
-86.9912352046496,40.472337151877646,Road
-86.99123597633529,40.47233719385284,Road
-86.99123673091209,40.47233726971759,Road
-86.99123747640837,40.47233737794888,Road
-86.99123822181113,40.47233752270949,Road
-86.99123894944341,40.47233770161,Road
-86.99123966877158,40.47233791833051,Road
-86.99124036643865,40.47233817315277,Road
-86.99124104616062,40.47233847391605,Road
-86.99124170725001,40.47233881133345,Road
-86.99124232064982,40.47233916036053,Road
-86.99124292649506,40.472339537619305,Road
-86.99124352840576,40.47233993357177,Road
-86.9912441662976,40.47234036541072,Road
-86.99124484517453,40.47234082017024,Road
-86.99124557366552,40.472341287794166,Road
-86.99124632902212,40.4723417493324,Road
-86.9912471001523,40.47234219144304,Grass
-86.99124789269865,40.47234260940392,Grass
-86.99124869586232,40.47234299292472,Grass
-86.99124950293054,40.47234333575739,Grass
-86.99125033028595,40.47234364233061,Grass
-86.9912511439555,40.472343901266974,Grass
-86.99125196412561,40.47234411724304,Grass
-86.99125280044633,40.47234429527906,Grass
-86.99125363192057,40.472344434510816,Grass
-86.99125447090113,40.472344541322805,Grass
-86.99125532876441,40.47234461675576,Grass
-86.99125621745347,40.47234467349622,Grass
-86.99125711283662,40.47234471547685,Grass
-86.99125801439315,40.472344747363195,Grass
-86.9912589085693,40.47234477046673,Grass
-86.99125979068134,40.47234478682686,Grass
-86.99126067656957,40.472344796161934,Grass
-86.99126155375907,40.472344802348275,Grass
-86.99126243499401,40.472344805297375,Grass
-86.99126330429891,40.47234480490301,Grass
-86.99126418037855,40.47234480332414,Grass
-86.99126505149246,40.472344796238886,Grass
-86.99126592465363,40.47234477837281,Grass
-86.991266791235,40.47234475097784,Grass
-86.99126767322737,40.47234471448179,Grass
-86.99126854072865,40.47234467280892,Grass
-86.99126940551207,40.472344628767935,Grass
-86.9912702546198,40.472344584835085,Grass
-86.99127110599785,40.47234454482454,Grass
-86.99127195652859,40.47234451203454,Grass
-86.99127276571757,40.4723444886064,Grass
-86.99127358494593,40.47234447333308,Grass
-86.99127440121016,40.47234447017271,Grass
-86.99127521191043,40.47234448054271,Grass
-86.99127597818926,40.47234451498156,Grass
-86.99127675285233,40.472344585143496,Grass
-86.99127750482985,40.47234468817986,Grass
-86.99127824512156,40.47234481837428,Grass
-86.99127898939852,40.47234497420289,Grass
-86.99127975313517,40.472345163347626,Grass
-86.99128053464528,40.47234538257884,Grass
-86.99128132299742,40.47234563123997,Grass
-86.99128208674078,40.47234590263879,Grass
-86.99128282272673,40.47234619672632,Grass
-86.99128353649185,40.47234651787135,Grass
-86.99128423318975,40.47234686874339,Grass
-86.99128487987271,40.47234722589871,Grass
-86.99128548512788,40.47234758670206,Grass
-86.99128608462021,40.472347966239525,Grass
-86.99128670365644,40.472348366880446,Grass
-86.99128732273817,40.47234876677143,Grass
-86.99128793093762,40.47234914956797,Grass
-86.99128855366759,40.4723495239263,Grass
-86.99128918832314,40.47234988200245,Grass
-86.99128984078446,40.4723502205366,Grass
-86.99129047951655,40.47235052276243,Grass
-86.99129113132882,40.47235079922708,Grass
-86.99129178765139,40.47235104579093,Grass
-86.99129245357221,40.47235126287512,Grass
-86.9912931254885,40.4723514477289,Grass
-86.99129383030572,40.47235160403467,Grass
-86.99129453941731,40.4723517268454,Grass
-86.9912952446599,40.47235181220434,Grass
-86.99129592941132,40.47235185812279,Grass
-86.99129663429093,40.47235187170108,Grass
-86.991297328495,40.47235185242605,Grass
-86.99129801078227,40.47235179831959,Grass
-86.9912986837203,40.47235170992624,Grass
-86.99129935413438,40.47235158295236,Grass
-86.99130000993952,40.47235142446854,Grass
-86.99130065374689,40.47235123204008,Grass
-86.99130125328017,40.47235101486549,Grass
-86.99130184291317,40.47235076489637,Grass
-86.99130240868026,40.472350488736616,Grass
-86.9913029434998,40.472350190611486,Grass
-86.9913034573322,40.4723498657893,Grass
-86.99130394679476,40.47234951923265,Grass
-86.99130442515394,40.4723491353386,Grass
-86.99130487454605,40.47234872737733,Grass
-86.99130528517112,40.472348309777594,Grass
-86.99130564985657,40.47234789448891,Grass
-86.99130598532354,40.47234746227004,Grass
-86.99130629332704,40.472347015758885,Grass
-86.99130657794798,40.47234654536173,Grass
-86.99130682519348,40.47234607100129,Grass
-86.99130704321942,40.4723455702232,Grass
-86.99130722285287,40.47234505840584,Grass
-86.99130735901302,40.47234454691706,Grass
-86.9913074549234,40.47234402127896,Grass
-86.99130750855451,40.472343491951925,Grass
-86.99130752098378,40.47234295773697,Grass
-86.99130749358781,40.47234242648992,Grass
-86.99130742934794,40.47234191371416,Grass
-86.99130732206444,40.47234139249878,Grass
-86.99130716637157,40.47234085244597,Grass
-86.99130696488467,40.472340313821206,Grass
-86.99130672730848,40.472339798949605,Grass
-86.99130644895656,40.472339294751066,Grass
-86.99130612380121,40.472338793907184,Grass
-86.99130575954203,40.47233830754381,Grass
-86.99130536163152,40.47233784280671,Grass
-86.99130493180483,40.47233740317001,Grass
-86.99130446337605,40.47233698021149,Grass
-86.99130399242013,40.47233660021796,Grass
-86.99130349508572,40.47233624296248,Grass
-86.99130297476943,40.47233591133285,Grass
-86.9913024385633,40.47233560897983,Grass
-86.99130187075637,40.47233532592056,Grass
-86.99130129133539,40.47233507186028,Grass
-86.99130067226271,40.47233483807351,Grass
-86.99130003517432,40.47233463327331,Grass
-86.99129938898433,40.47233445950976,Grass
-86.99129872282931,40.47233431433512,Grass
-86.9912980527462,40.4723341996126,Grass
-86.99129736766365,40.47233411480834,Grass
-86.99129668142243,40.47233406093841,Grass
-86.99129596487843,40.47233403795133,Grass
-86.99129523496026,40.47233404828236,Grass
-86.9912945239011,40.47233408991255,Grass
-86.9912938088213,40.47233416327817,Grass
-86.99129307859944,40.472334273299175,Grass
-86.99129235138636,40.47233441911536,Grass
-86.99129163566974,40.472334599385995,Grass
-86.99129094144584,40.47233481124518,Grass
-86.9912902759065,40.47233505453888,Grass
-86.99128960124432,40.47233534699592,Grass
-86.99128895427631,40.472335668485755,Grass
-86.99128834003356,40.47233601263667,Grass
-86.99128775452793,40.472336374652485,Grass
-86.99128717528554,40.47233676346304,Grass
-86.9912865895052,40.47233717785256,Grass
-86.99128596696856,40.472337610199595,Grass
-86.9912853141489,40.47233803953072,Grass
-86.99128466713918,40.472338439149745,Grass
-86.99128401644147,40.472338816673926,Grass
-86.99128333541158,40.472339185408536,Grass
-86.9912826288628,40.47233953938783,Grass
-86.99128190176428,40.47233987073277,Grass
-86.99128114042254,40.472340182744475,Grass
-86.99128036193831,40.472340467402745,Grass
-86.99127957229005,40.47234072000095,Grass
-86.99127876182622,40.4723409449661,Grass
-86.99127795470356,40.47234113571738,Grass
-86.99127717157475,40.47234129012735,Grass
-86.99127639138196,40.4723414139681,Grass
-86.99127560494496,40.47234150995697,Grass
-86.99127482205594,40.47234158427112,Grass
-86.99127402889675,40.472341642146255,Grass
-86.99127324082201,40.472341685364555,Grass
-86.99127245472025,40.47234171746488,Grass
-86.9912716771702,40.47234174063784,Grass
-86.99127088491171,40.472341757951405,Grass
-86.9912700913166,40.47234176844671,Grass
-86.99126928895329,40.47234177271682,Grass
-86.99126848783263,40.47234177367337,Grass
-86.99126766752212,40.47234177130791,Grass
-86.9912668370531,40.47234176696723,Grass
-86.99126601807741,40.472341759699376,Grass
-86.9912651822411,40.472341747077216,Grass
-86.99126432926765,40.47234173016909,Grass
-86.99126345816661,40.47234171028708,Grass
-86.99126261329332,40.472341690096975,Grass
-86.9912617757206,40.4723416703864,Grass
-86.99126094445798,40.47234165238347,Grass
-86.99126011985577,40.47234163635567,Grass
-86.99125931700246,40.472341623442176,Grass
-86.99125853402509,40.47234161440941,Grass
-86.9912577442124,40.472341610936496,Grass
-86.99125695338452,40.472341613795514,Grass
-86.9912561996951,40.47234162737208,Grass
-86.99125543882244,40.47234165838783,Grass
-86.99125466441821,40.472341709667695,Grass
-86.99125390941897,40.47234178154313,Grass
-86.99125317426812,40.47234187846247,Grass
-86.99125245391181,40.472341999707425,Grass
-86.9912517377141,40.47234214542958,Grass
-86.99125101167651,40.47234231837128,Grass
-86.99125028339002,40.47234251762681,Grass
-86.99124955153847,40.47234274537446,Grass
-86.99124882401665,40.4723430005275,Grass
-86.99124810940957,40.472343282660205,Grass
-86.99124742555482,40.472343584706046,Grass
-86.99124677841088,40.47234390425758,Grass
-86.99124616009253,40.47234424177911,Road
-86.9912455745986,40.47234458886473,Road
-86.99124501150887,40.47234494805354,Road
-86.99124445615793,40.47234531998716,Road
-86.9912438891698,40.47234570897896,Road
-86.9912433261437,40.47234609460614,Road
-86.99124276392813,40.472346470241874,Road
-86.99124218214808,40.472346842695885,Road
-86.9912415807007,40.47234720352536,Road
-86.99124097500457,40.47234753881086,Road
-86.99124034640803,40.4723478550232,Road
-86.99123968333498,40.47234815318757,Road
-86.99123902369402,40.4723484132157,Road
-86.99123835123049,40.47234864093667,Road
-86.99123766019528,40.47234883824522,Road
-86.99123696234662,40.47234899971711,Road
-86.99123626470373,40.472349125487696,Road
-86.99123554704906,40.47234921554565,Road
-86.99123481165681,40.47234927229346,Road
-86.99123408307126,40.47234929574586,Road
-86.99123338037577,40.47234928591011,Road
-86.99123268573142,40.47234924315172,Road
-86.99123198667367,40.47234916537536,Road
-86.9912312981682,40.47234905427742,Road
-86.99123063921138,40.472348915705375,Road
-86.99122999374428,40.47234874613719,Road
-86.99122935971283,40.47234854775402,Road
-86.99122874518437,40.472348314454784,Road
-86.9912281561187,40.47234805285618,Road
-86.9912275597049,40.472347747939935,Road
-86.99122699368176,40.472347417513376,Road
-86.9912264692463,40.47234707204613,Road
-86.99122599604831,40.47234672199384,Road
-86.99122555276762,40.47234635275681,Road
-86.99122513228934,40.47234595817976,Road
-86.99122472942798,40.472345529313216,Road
-86.99122436033475,40.47234507943553,Road
-86.9912240316497,40.47234461903648,Road
-86.99122373060702,40.4723441325939,Road
-86.99122346650638,40.47234363117522,Road
-86.99122324118302,40.47234311636654,Road
-86.99122305249017,40.4723425867739,Road
-86.99122290459715,40.472342059167296,Road
-86.99122279459495,40.47234151430217,Road
-86.99122272806424,40.47234097088931,Road
-86.9912227034403,40.47234043323918,Road
-86.99122272094775,40.47233988780494,Road
-86.99122278446245,40.47233933049807,Road
-86.99122289168415,40.472338777780394,Road
-86.99122303512777,40.47233825395202,Road
-86.99122321651812,40.4723377426698,Road
-86.99122344200833,40.472337225647806,Road
-86.99122371303005,40.472336706379075,Road
-86.99122402204993,40.47233620041127,Road
-86.99122435077707,40.47233572881021,Road
-86.99122470523214,40.47233528183087,Road
-86.99122508389456,40.472334859542094,Road
-86.99122550868064,40.47233444030297,Road
-86.9912259728399,40.47233403268071,Road
-86.99122646542331,40.472333648146446,Road
-86.99122698800005,40.4723332857298,Road
-86.99122753793803,40.47233294613745,Road
-86.99122809426488,40.47233264524765,Road
-86.99122867981532,40.47233237658811,Road
-86.99122931150323,40.47233213742973,Road
-86.99122999108968,40.472331930709615,Road
-86.99123068564803,40.47233175753037,Road
-86.99123140597428,40.47233160824855,Road
-86.99123212311346,40.47233148786586,Road
-86.99123285475005,40.47233139500938,Road
-86.99123357146422,40.47233133199503,Road
-86.99123428211902,40.47233129918406,Road
-86.99123497882819,40.47233129762085,Road
-86.99123570380493,40.47233132968356,Road
-86.99123643926825,40.472331396049086,Road
-86.99123721400329,40.47233150989081,Road
-86.99123799296441,40.472331658762165,Road
-86.9912387619361,40.47233183846545,Road
-86.9912395116206,40.47233204808,Road
-86.99124023053926,40.472332286607326,Road
-86.99124091358105,40.47233255465216,Road
-86.99124156429205,40.472332854841774,Road
-86.99124218588419,40.47233318664464,Road
-86.99124280269459,40.47233355476696,Road
-86.99124343004237,40.472333961552806,Road
-86.9912440721134,40.47233439667538,Road
-86.99124472968991,40.47233484666385,Road
-86.99124543646593,40.472335317931005,Road
-86.99124618768211,40.472335791423454,Road
-86.99124696045942,40.47233624329143,Grass
-86.99124776284897,40.47233667161467,Grass
-86.99124857868775,40.472337065084304,Grass
-86.99124940649713,40.47233742093936,Grass
-86.99125024591609,40.47233773778039,Grass
-86.99125107520105,40.47233800868632,Grass
-86.99125192534076,40.47233824525513,Grass
-86.9912527948432,40.47233844806891,Grass
-86.99125364640362,40.472338612523046,Grass
-86.99125450747052,40.47233874512781,Grass
-86.99125536263429,40.47233884905031,Grass
-86.99125623691718,40.47233893236761,Grass
-86.99125712964526,40.47233899834004,Grass
-86.99125802235838,40.472339049838645,Grass
-86.99125891771375,40.47233908951198,Grass
-86.99125982903274,40.47233912008402,Grass
-86.99126072917278,40.47233914210682,Grass
-86.99126161308092,40.47233915784766,Grass
-86.99126248700075,40.47233916889344,Grass
-86.99126336842829,40.472339174037835,Grass
-86.99126424623105,40.47233917034802,Grass
-86.99126510644179,40.47233915763013,Grass
-86.99126598457221,40.47233913954251,Grass
-86.99126683371186,40.472339118955325,Grass
-86.99126770905893,40.472339095889645,Grass
-86.99126857608061,40.47233907411496,Grass
-86.99126942867288,40.47233904267557,Grass
-86.99127029954856,40.47233899178827,Grass
-86.99127116129222,40.47233892769498,Grass
-86.99127202531228,40.4723388573739,Grass
-86.99127284928964,40.47233878805008,Grass
-86.99127369082873,40.472338723817344,Grass
-86.99127450356707,40.47233867502023,Grass
-86.99127529846528,40.472338644924285,Grass
-86.99127609566693,40.4723386313302,Grass
-86.99127689196449,40.47233863780923,Grass
-86.99127765801178,40.47233866680376,Grass
-86.99127840088964,40.47233872159432,Grass
-86.99127914380746,40.47233880585903,Grass
-86.99127986688035,40.47233891999109,Grass
-86.99128056426868,40.47233906650691,Grass
-86.99128126085118,40.47233926154139,Grass
-86.99128197941644,40.472339512162094,Grass
-86.99128268053414,40.47233979675812,Grass
-86.99128334650636,40.47234010767843,Grass
-86.99128398719795,40.472340448252645,Grass
-86.99128461842224,40.47234082451556,Grass
-86.99128522488881,40.47234121883696,Grass
-86.9912858432195,40.47234164392125,Grass
-86.99128647217776,40.47234208456568,Grass
-86.99128709840124,40.47234252414093,Grass
-86.99128773008793,40.47234295731118,Grass
-86.99128838051318,40.47234338449008,Grass
-86.99128903785065,40.47234379191288,Grass
-86.99128970974195,40.472344177511005,Grass
-86.99129036762815,40.47234452453543,Grass
-86.99129105012673,40.472344850366696,Grass
-86.99129174882776,40.472345144945926,Grass
-86.99129244847137,40.47234540223626,Grass
-86.99129313907795,40.47234562265662,Grass
-86.99129382905524,40.472345808316014,Grass
-86.99129453244393,40.4723459632332,Grass
-86.99129528029074,40.472346084316875,Grass
-86.99129604296684,40.47234617599277,Grass
-86.99129680836465,40.47234623743563,Grass
-86.99129755557746,40.47234626439174,Grass
-86.99129827531027,40.4723462585707,Grass
-86.9912989750868,40.47234622164419,Grass
-86.99129962562787,40.4723461498035,Grass
-86.99130024402805,40.472346036339424,Grass
-86.99130085453875,40.47234587532537,Grass
-86.99130145690452,40.47234566886103,Grass
-86.99130204307414,40.4723454216882,Grass
-86.99130260907219,40.472345133994736,Grass
-86.99130317403299,40.4723448024148,Grass
-86.99130371918123,40.472344440491085,Grass
-86.99130421081496,40.472344073361576,Grass
-86.99130465623678,40.472343687520855,Grass
-86.99130507180828,40.47234326722518,Grass
-86.99130544282247,40.47234282591105,Grass
-86.99130578112369,40.472342358772494,Grass
-86.9913060915988,40.472341862675485,Grass
-86.99130636644897,40.47234135570487,Grass
-86.99130660306075,40.472340846388526,Grass
-86.99130681125827,40.472340313542325,Grass
-86.99130698728803,40.47233977322487,Grass
-86.991307128352,40.47233922726839,Grass
-86.99130722927198,40.47233869616564,Grass
-86.99130729338766,40.472338154567886,Grass
-86.9913073207675,40.4723376104803,Grass
-86.99130731134609,40.47233707943302,Grass
-86.99130726322953,40.4723365482897,Grass
-86.99130717433341,40.472336018942315,Grass
-86.99130704401928,40.4723354963188,Grass
-86.99130686749457,40.472334967896714,Grass
-86.99130664986883,40.47233445139184,Grass
-86.99130639073931,40.472333946180115,Grass
-86.99130609003004,40.47233345401244,Grass
-86.99130574857004,40.472332975396746,Grass
-86.99130537427833,40.472332520432765,Grass
-86.99130497033381,40.472332089259375,Grass
-86.99130453558922,40.47233167950114,Grass
-86.99130407279034,40.47233129195922,Grass
-86.99130358380806,40.472330930283206,Grass
-86.99130306028803,40.47233058836736,Grass
-86.99130250870382,40.47233027067947,Grass
-86.99130192265405,40.47232997398677,Grass
-86.9913012853999,40.47232969368581,Grass
-86.99130060384798,40.472329427286574,Grass
-86.99129993005529,40.472329191461135,Grass
-86.99129924335952,40.472328981720565,Grass
-86.99129854567502,40.472328799961645,Grass
-86.99129783379325,40.47232864686395,Grass
-86.99129712079932,40.472328528687314,Grass
-86.99129641294614,40.472328442663006,Grass
-86.99129572438787,40.4723283960029,Grass
-86.9912950477282,40.472328389977775,Grass
-86.99129436572822,40.47232842327623,Grass
-86.99129366805505,40.472328493797875,Grass
-86.99129296447606,40.47232860084976,Grass
-86.99129225668892,40.472328742018234,Grass
-86.99129155594817,40.472328922177375,Grass
-86.99129088389041,40.47232913587057,Grass
-86.99129023578138,40.47232938643936,Grass
-86.99128960845118,40.472329665586855,Grass
-86.99128900530516,40.47232997234338,Grass
-86.99128841066654,40.472330312719514,Grass
-86.99128783770377,40.47233067444462,Grass
-86.99128728328317,40.472331053190736,Grass
-86.99128670801538,40.47233147171188,Grass
-86.9912861114668,40.472331918387454,Grass
-86.9912854982198,40.472332375849895,Grass
-86.99128486542891,40.472332832699806,Grass
-86.99128419994106,40.47233328594363,Grass
-86.9912834940924,40.47233372904095,Grass
-86.99128276430393,40.47233414445522,Grass
-86.99128199895065,40.47233453464569,Grass
-86.99128120975693,40.472334890536565,Grass
-86.99128041172105,40.47233520448968,Grass
-86.9912796023371,40.472335480250926,Grass
-86.9912788075057,40.47233570918801,Grass
-86.99127801963736,40.472335896416816,Grass
-86.99127723787724,40.472336045308886,Grass
-86.99127646886218,40.472336157143936,Grass
-86.9912756970627,40.47233623815908,Grass
-86.9912748942318,40.4723362971412,Grass
-86.99127407017586,40.472336340650834,Grass
-86.9912732524414,40.472336372628,Grass
-86.9912724399828,40.472336396978186,Grass
-86.99127162715729,40.472336415614166,Grass
-86.99127079993913,40.47233643064754,Grass
-86.99126996059891,40.47233644285043,Grass
-86.99126913261732,40.47233645076764,Grass
-86.9912682862598,40.47233645679074,Grass
-86.99126743327177,40.47233646088301,Grass
-86.99126658685185,40.472336459873354,Grass
-86.99126574977313,40.47233645451007,Grass
-86.9912649145643,40.472336441064336,Grass
-86.99126406368822,40.47233641761884,Grass
-86.99126320149534,40.47233638582278,Grass
-86.99126235109955,40.47233634836135,Grass
-86.99126151723321,40.47233630804577,Grass
-86.99126067830046,40.47233626987994,Grass
-86.99125984976381,40.47233623668741,Grass
-86.99125902163665,40.472336210592125,Grass
-86.99125821340036,40.472336195304685,Grass
-86.99125740787443,40.47233618995515,Grass
-86.99125660784568,40.472336194899874,Grass
-86.99125581743004,40.47233621032616,Grass
-86.99125503015651,40.472336238012176,Grass
-86.9912542555518,40.47233628000358,Grass
-86.99125349309817,40.47233633824792,Grass
-86.99125269827037,40.472336421606656,Grass
-86.99125191076777,40.47233653015269,Grass
-86.99125111691122,40.472336670183125,Grass
-86.99125034259059,40.47233683941116,Grass
-86.99124959450535,40.47233703837101,Grass
-86.9912488670005,40.47233726713597,Grass
-86.99124816703697,40.47233752416256,Grass
-86.99124752224049,40.472337798985194,Grass
-86.99124690979436,40.47233809991135,Grass
-86.99124630900147,40.472338437152096,Road
-86.99124573528675,40.47233879119842,Road
-86.99124518266785,40.47233916020542,Road
-86.9912446222213,40.47233955590572,Road
-86.99124405269818,40.47233996705855,Road
-86.99124346878759,40.47234038565494,Road
-86.99124288927565,40.47234079095176,Road
-86.991242295796,40.47234119063591,Road
-86.99124169037918,40.47234157294744,Road
-86.99124107166583,40.47234193220461,Road
-86.9912404435678,40.47234226525328,Road
-86.99123980332962,40.47234257215369,Road
-86.99123916033341,40.472342847033104,Road
-86.99123849953114,40.47234309320765,Road
-86.99123783922518,40.472343303716,Road
-86.99123715578975,40.4723434844472,Road
-86.9912364530696,40.472343629853775,Road
-86.9912357379183,40.472343738139145,Road
-86.99123501234571,40.47234380890663,Road
-86.99123428406456,40.47234384249712,Road
-86.99123358548282,40.47234383933053,Road
-86.99123287473918,40.472343799237215,Road
-86.99123213794718,40.47234372099177,Road
-86.99123141470815,40.47234361141941,Road
-86.99123072212494,40.4723434762784,Road
-86.99123004959557,40.47234331467483,Road
-86.99122940328623,40.4723431272278,Road
-86.99122877516595,40.472342906065805,Road
-86.99122817018309,40.47234264757995,Road
-86.99122758673491,40.47234234995995,Road
-86.9912270316753,40.472342022119456,Road
-86.99122650093221,40.47234166664952,Road
-86.99122599127976,40.47234128231466,Road
-86.991225503926,40.472340867293376,Road
-86.99122506312645,40.472340446204086,Road
-86.99122466592361,40.472340022451306,Road
-86.99122430094054,40.47233958440832,Road
-86.99122396792856,40.4723391313973,Road
-86.99122367734812,40.47233868000191,Road
-86.99122341795474,40.47233821137012,Road
-86.9912231877782,40.47233771196979,Road
-86.99122299560777,40.472337195090205,Road
-86.99122284121398,40.47233667969365,Road
-86.99122273414764,40.47233617153986,Road
-86.99122268113138,40.47233563553377,Road
-86.99122268879533,40.47233507586849,Road
-86.99122275841168,40.47233450850542,Road
-86.99122287991848,40.47233394306712,Road
-86.9912230377786,40.4723333908957,Road
-86.99122322900028,40.47233284989026,Road
-86.99122345224006,40.47233231705916,Road
-86.99122370430177,40.4723317931297,Road
-86.99122398151547,40.47233128945141,Road
-86.99122428682278,40.47233080222333,Road
-86.99122462645587,40.472330326281366,Road
-86.99122500213822,40.47232985877508,Road
-86.99122540759991,40.47232940786803,Road
-86.99122585396691,40.47232896944471,Road
-86.99122631682701,40.472328567524016,Road
-86.9912267952322,40.472328199382034,Road
-86.99122731880654,40.4723278353906,Road
-86.99122787406702,40.472327482284435,Road
-86.99122844925533,40.47232715168416,Road
-86.99122903044976,40.47232685153152,Road
-86.99122961498881,40.47232658352756,Road
-86.99123021997818,40.472326341176014,Road
-86.9912308285922,40.47232613166063,Road
-86.99123145111471,40.47232595467607,Road
-86.99123208451438,40.472325814214734,Road
-86.991232730709,40.47232571105364,Road
-86.99123339664905,40.47232564479217,Road
-86.99123407717411,40.47232561477777,Road
-86.99123476584258,40.47232562683613,Road
-86.9912354586649,40.472325674833,Road
-86.9912361861564,40.472325764890954,Road
-86.99123692254908,40.47232589330012,Road
-86.99123766215075,40.472326066606634,Road
-86.99123841788116,40.472326284544046,Road
-86.9912391307367,40.47232653050892,Road
-86.9912398234633,40.47232680860645,Road
-86.99124049658462,40.47232712488186,Road
-86.99124115136658,40.47232747192168,Road
-86.9912417897958,40.47232784709342,Road
-86.99124240473549,40.4723282394454,Road
-86.99124300396292,40.47232864842015,Road
-86.99124360281102,40.47232906933453,Road
-86.99124423534127,40.47232951519726,Road
-86.99124491159054,40.47232997679519,Road
-86.99124562202154,40.47233043571428,Road
-86.99124640045113,40.47233090676177,Road
-86.99124720398652,40.47233136069164,Grass
-86.99124802212052,40.47233178315844,Grass
-86.9912488665341,40.4723321789995,Grass
-86.99124973018294,40.47233254360356,Grass
-86.99125056296556,40.472332853788046,Grass
-86.9912513694913,40.47233311431657,Grass
-86.99125219007429,40.472333334976796,Grass
-86.99125301582569,40.4723335159919,Grass
-86.99125383533958,40.47233365681266,Grass
-86.991254664307,40.47233376206123,Grass
-86.99125552227972,40.472333835282974,Grass
-86.99125640919436,40.472333885966094,Grass
-86.99125727909829,40.47233392175465,Grass
-86.99125817786027,40.472333948096775,Grass
-86.99125907661394,40.47233396668906,Grass
-86.99125996369676,40.47233397824664,Grass
-86.99126085449171,40.47233398434856,Grass
-86.99126172618605,40.47233398556073,Grass
-86.99126260902695,40.47233398276687,Grass
-86.99126350161417,40.472333976686606,Grass
-86.99126438040015,40.47233396423455,Grass
-86.9912652556103,40.47233394187786,Grass
-86.9912661459676,40.47233391185976,Grass
-86.99126705893134,40.47233387423824,Grass
-86.99126793576988,40.472333836000445,Grass
-86.99126877701958,40.47233379817576,Grass
-86.99126959392768,40.47233376049173,Grass
-86.99127041606047,40.47233372297399,Grass
-86.99127123317427,40.47233369042844,Grass
-86.99127203299473,40.47233366336918,Grass
-86.99127283801465,40.47233364394708,Grass
-86.99127361973126,40.47233363370157,Grass
-86.99127440999409,40.47233363526338,Grass
-86.99127522510786,40.47233364998517,Grass
-86.99127603422426,40.47233367884013,Grass
-86.99127683293646,40.472333727109856,Grass
-86.99127765483577,40.472333799335914,Grass
-86.99127844679828,40.47233389573307,Grass
-86.99127922158385,40.472334018698874,Grass
-86.99128001389802,40.47233417891461,Grass
-86.9912807769385,40.47233437269353,Grass
-86.99128151432144,40.472334596632074,Grass
-86.99128222162015,40.47233485933992,Grass
-86.99128289980025,40.4723351495977,Grass
-86.99128354673252,40.47233546339555,Grass
-86.99128419268388,40.472335811170154,Grass
-86.99128482917479,40.47233618691847,Grass
-86.99128544184968,40.47233657210992,Grass
-86.99128605281065,40.472336974271,Grass
-86.99128666033593,40.47233738082301,Grass
-86.99128727663562,40.47233780040217,Grass
-86.99128789852568,40.47233821696318,Grass
-86.99128854376059,40.47233863499643,Grass
-86.99128919718224,40.47233903317675,Grass
-86.991289838663,40.47233939421999,Grass
-86.9912904653451,40.47233971255326,Grass
-86.9912910901419,40.47233999197212,Grass
-86.991291710816,40.47234023434891,Grass
-86.99129234227624,40.47234044622108,Grass
-86.99129298328593,40.47234062763443,Grass
-86.99129363284744,40.47234077559587,Grass
-86.99129427856292,40.47234088864372,Grass
-86.99129495199409,40.47234097602757,Grass
-86.99129563819686,40.47234103299095,Grass
-86.99129631225061,40.47234105920473,Grass
-86.99129698296922,40.47234105461398,Grass
-86.99129762961313,40.47234102022624,Grass
-86.99129828933333,40.47234095400965,Grass
-86.99129895365712,40.47234085477376,Grass
-86.9912996065019,40.47234072401826,Grass
-86.99130025904574,40.472340560015006,Grass
-86.9913009141825,40.47234035691776,Grass
-86.99130154541729,40.47234012214884,Grass
-86.99130213923203,40.472339866800155,Grass
-86.99130271848524,40.47233957455101,Grass
-86.9913032768635,40.4723392519923,Grass
-86.99130381113157,40.47233889673523,Grass
-86.99130430862085,40.472338521860856,Grass
-86.9913047751022,40.472338120661554,Grass
-86.99130520604677,40.47233769990682,Grass
-86.99130560846692,40.47233725489545,Grass
-86.99130597488403,40.47233679387177,Grass
-86.99130630267756,40.472336316988,Grass
-86.99130659638021,40.47233582144658,Grass
-86.99130685368851,40.472335311008216,Grass
-86.99130706588066,40.47233480294873,Grass
-86.99130723718953,40.47233428645388,Grass
-86.99130737092018,40.47233375615109,Grass
-86.99130746580495,40.472333209315686,Grass
-86.9913075162573,40.47233267325657,Grass
-86.99130752501966,40.472332141045285,Grass
-86.9913074897406,40.47233159143735,Grass
-86.99130741310313,40.472331050834725,Grass
-86.99130729714422,40.47233052079072,Grass
-86.9913071421611,40.472330002674575,Grass
-86.99130695569555,40.472329508396655,Grass
-86.99130673432654,40.47232902017301,Grass
-86.99130645942842,40.47232852446782,Grass
-86.99130613783413,40.47232804353304,Grass
-86.99130577448905,40.47232759222506,Grass
-86.99130537129363,40.472327158884326,Grass
-86.99130492202545,40.47232673355109,Grass
-86.99130444306545,40.47232632884041,Grass
-86.99130395465892,40.47232595895717,Grass
-86.99130343677551,40.47232560322255,Grass
-86.99130289662318,40.472325265623866,Grass
-86.99130232630564,40.4723249437131,Grass
-86.99130173685134,40.47232464686505,Grass
-86.99130112912428,40.47232437608275,Grass
-86.99130049876497,40.47232412673985,Grass
-86.99129986137542,40.47232390731278,Grass
-86.99129922589006,40.47232372178773,Grass
-86.99129859005205,40.47232356966311,Grass
-86.99129795765946,40.47232344889106,Grass
-86.99129731909284,40.472323356439055,Grass
-86.99129666156342,40.47232329434433,Grass
-86.9912959550484,40.472323262883435,Grass
-86.99129525158413,40.472323264057536,Grass
-86.99129455320798,40.47232329613799,Grass
-86.9912938505214,40.47232336169739,Grass
-86.99129312866904,40.47232346378059,Grass
-86.99129241784881,40.47232360074568,Grass
-86.99129171654182,40.47232377216608,Grass
-86.99129103586456,40.47232397218246,Grass
-86.99129036580234,40.472324211317854,Grass
-86.99128971564966,40.47232448211096,Grass
-86.99128909020342,40.47232478567399,Grass
-86.99128847363772,40.472325124327845,Grass
-86.99128787374651,40.47232549473515,Grass
-86.99128729128643,40.47232588645761,Grass
-86.99128673269635,40.47232628234556,Grass
-86.99128617054751,40.47232669083565,Grass
-86.99128559186529,40.47232711350783,Grass
-86.99128498404718,40.47232754685911,Grass
-86.9912843523747,40.47232797494998,Grass
-86.99128367943567,40.47232840125215,Grass
-86.9912829995351,40.472328799829995,Grass
-86.99128231027177,40.47232916514268,Grass
-86.99128160756612,40.47232949974615,Grass
-86.99128091759553,40.47232979317812,Grass
-86.99128023750174,40.47233004705851,Grass
-86.99127954219132,40.47233026877716,Grass
-86.99127884927998,40.47233045664312,Grass
-86.99127817969513,40.47233060868564,Grass
-86.9912775167962,40.47233072903563,Grass
-86.99127683466274,40.472330822765166,Grass
-86.99127612447168,40.47233089307188,Grass
-86.99127538915539,40.472330941061095,Grass
-86.99127463713641,40.47233097428353,Grass
-86.99127384818519,40.47233099676561,Grass
-86.9912730488527,40.47233101126314,Grass
-86.99127224604204,40.47233102114322,Grass
-86.9912714396549,40.4723310274258,Grass
-86.99127061215361,40.47233103019074,Grass
-86.99126978826676,40.47233103037781,Grass
-86.99126895289717,40.472331027515445,Grass
-86.99126813084236,40.47233102258214,Grass
-86.99126728779186,40.472331015019854,Grass
-86.99126644711276,40.47233100636968,Grass
-86.99126562319252,40.47233099836178,Grass
-86.99126479600324,40.472330989099085,Grass
-86.99126395436336,40.47233097867868,Grass
-86.99126310421049,40.47233096631516,Grass
-86.99126226314023,40.472330951885205,Grass
-86.99126142515507,40.472330926978685,Grass
-86.99126057614113,40.47233089127425,Grass
-86.99125973984441,40.47233085109075,Grass
-86.99125894883083,40.47233081270146,Grass
-86.9912581596399,40.472330777255394,Grass
-86.99125735492626,40.47233074564151,Grass
-86.99125655305555,40.47233072226659,Grass
-86.9912557594491,40.47233071083932,Grass
-86.99125497401182,40.47233071522746,Grass
-86.99125420695292,40.47233073776282,Grass
-86.99125345966851,40.472330779655856,Grass
-86.99125272620265,40.47233084538514,Grass
-86.99125199615018,40.472330935753455,Grass
-86.99125129272925,40.47233104968121,Grass
-86.99125062757874,40.4723311938598,Grass
-86.99124998017405,40.47233137559572,Grass
-86.99124932653277,40.472331600408154,Grass
-86.99124867908073,40.472331859168726,Grass
-86.99124805575956,40.4723321480426,Grass
-86.99124746474126,40.47233245388985,Grass
-86.99124690093521,40.4723327778656,Grass
-86.99124633393427,40.47233313950836,Road
-86.99124578001178,40.47233352816865,Road
-86.99124521606569,40.4723339512294,Road
-86.9912446364117,40.47233439874636,Road
-86.99124404952734,40.47233485202488,Road
-86.9912434661433,40.472335291033005,Road
-86.99124287944761,40.47233571158616,Road
-86.99124225442594,40.47233613187972,Road
-86.99124161372816,40.4723365360406,Road
-86.99124097787644,40.47233690670636,Road
-86.991240329865,40.47233724961531,Road
-86.9912396940042,40.47233755211571,Road
-86.99123904792273,40.47233782233301,Road
-86.99123838006038,40.47233806293316,Road
-86.99123770710291,40.47233826933543,Road
-86.99123702215633,40.47233844011173,Road
-86.99123633694654,40.47233857323504,Road
-86.99123566655797,40.47233866814525,Road
-86.99123501365483,40.47233872388924,Road
-86.9912343660556,40.472338741724336,Road
-86.99123370256325,40.4723387211048,Road
-86.99123303784957,40.472338667851815,Road
-86.99123236266593,40.47233857470295,Road
-86.99123164047344,40.47233844457126,Road
-86.99123091917642,40.47233829430842,Road
-86.99123022026409,40.47233812990197,Road
-86.99122951575316,40.47233794217208,Road
-86.9912288412309,40.47233773744293,Road
-86.99122819525854,40.472337511619024,Road
-86.99122758696262,40.47233726662658,Road
-86.99122702254512,40.47233700712056,Road
-86.99122648642046,40.4723367224362,Road
-86.99122597067696,40.47233639738186,Road
-86.99122548928781,40.47233605045943,Road
-86.9912250358019,40.472335684633315,Road
-86.99122461505654,40.472335293632206,Road
-86.99122422192303,40.47233487997723,Road
-86.99122386120798,40.47233444012536,Road
-86.99122354542487,40.472333996852285,Road
-86.99122326088262,40.47233353111871,Road
-86.99122302240804,40.472333058819686,Road
-86.99122282953452,40.472332567945806,Road
-86.99122267846272,40.47233203935381,Road
-86.99122257315999,40.472331504669576,Road
-86.99122251367777,40.47233096063898,Road
-86.99122249867702,40.47233039248941,Road
-86.99122252473734,40.47232983127642,Road
-86.99122259150347,40.47232927286922,Road
-86.9912226978824,40.47232871059658,Road
-86.99122283791314,40.47232816067383,Road
-86.99122301025561,40.47232762123287,Road
-86.99122322371467,40.4723270764902,Road
-86.99122347516642,40.4723265421128,Road
-86.99122375031041,40.47232603936805,Road
-86.99122405391164,40.47232555783402,Road
-86.99122440038819,40.47232507661476,Road
-86.99122476622486,40.472324628086845,Road
-86.99122516816729,40.47232420683473,Road
-86.99122561753306,40.4723238091611,Road
-86.9912261235451,40.47232342916364,Road
-86.99122666308632,40.472323073201245,Road
-86.99122722423493,40.472322742953914,Road
-86.99122782063247,40.472322424705766,Road
-86.99122842879353,40.47232212862356,Road
-86.99122906742296,40.472321848179206,Road
-86.99122972391251,40.47232158921473,Road
-86.9912303871599,40.47232135878136,Road
-86.99123107675231,40.47232115290757,Road
-86.99123179698142,40.47232097403134,Road
-86.99123249502483,40.472320834856625,Road
-86.99123318725012,40.472320731464364,Road
-86.99123388171365,40.47232066076463,Road
-86.99123459914854,40.4723206244079,Road
-86.9912353012459,40.4723206211374,Road
-86.99123600555907,40.472320653020255,Road
-86.99123671663611,40.47232072033219,Road
-86.9912374362574,40.472320832578646,Road
-86.99123815071778,40.472320980670176,Road
-86.99123885828777,40.47232116848937,Road
-86.99123954223627,40.472321391979854,Road
-86.99124020930397,40.472321657785656,Road
-86.99124086479982,40.47232196363541,Road
-86.99124150549673,40.472322307787934,Road
-86.99124213194465,40.472322685059176,Road
-86.99124273204579,40.47232307684462,Road
-86.99124333201523,40.472323488870806,Road
-86.99124391855862,40.47232390192169,Road
-86.99124454708588,40.47232434363908,Road
-86.99124521930969,40.47232479852838,Road
-86.99124592990717,40.472325249304255,Road
-86.99124667908487,40.472325686148565,Road
-86.99124744195481,40.47232608684296,Grass
-86.99124823301884,40.472326457332365,Grass
-86.99124903459162,40.47232678631149,Grass
-86.99124986156448,40.47232708098929,Grass
-86.99125069519465,40.4723273387912,Grass
-86.99125153532803,40.472327560985,Grass
-86.9912523798941,40.47232775077824,Grass
-86.99125323602257,40.47232790854814,Grass
-86.99125407924512,40.47232803188631,Grass
-86.99125494093266,40.47232812762922,Grass
-86.99125581141766,40.472328201565226,Grass
-86.99125668802674,40.4723282600228,Grass
-86.99125756370407,40.47232830680202,Grass
-86.99125843808606,40.4723283429716,Grass
-86.99125930801574,40.47232836989952,Grass
-86.99126017922661,40.47232839133908,Grass
-86.99126107018267,40.472328408313835,Grass
-86.99126195777075,40.47232841964024,Grass
-86.99126283131363,40.47232842591784,Grass
-86.99126371436562,40.472328425842925,Grass
-86.99126459697108,40.47232841630983,Grass
-86.9912654690552,40.4723283984414,Grass
-86.99126633846069,40.47232837359084,Grass
-86.99126720748428,40.472328346107226,Grass
-86.99126808369952,40.47232831714512,Grass
-86.99126896747158,40.47232828754368,Grass
-86.99126982057828,40.472328261136305,Grass
-86.99127067546215,40.47232823850342,Grass
-86.99127152631985,40.47232822026177,Grass
-86.99127231386582,40.47232820750624,Grass
-86.99127309735574,40.472328214681006,Grass
-86.99127391641609,40.472328257648165,Grass
-86.99127472505359,40.47232833295363,Grass
-86.99127550863014,40.47232842902608,Grass
-86.99127625847323,40.47232853908636,Grass
-86.99127700143843,40.4723286622846,Grass
-86.99127776118102,40.47232880274285,Grass
-86.99127853583252,40.472328961592495,Grass
-86.99127932321565,40.472329143289535,Grass
-86.9912801315631,40.472329357068624,Grass
-86.99128093567357,40.4723296012301,Grass
-86.99128169499807,40.47232986534932,Grass
-86.99128241663686,40.47233015278977,Grass
-86.99128311800833,40.47233047022173,Grass
-86.99128378842734,40.472330808127225,Grass
-86.99128442428177,40.47233115970726,Grass
-86.99128506482535,40.47233154080717,Grass
-86.9912857055185,40.47233193668474,Grass
-86.99128634604078,40.47233232990258,Grass
-86.99128697865622,40.472332711058606,Grass
-86.99128761429091,40.47233308292293,Grass
-86.99128824673161,40.47233343924242,Grass
-86.99128888331116,40.47233377739874,Grass
-86.99128953187622,40.472334095830256,Grass
-86.99129018251246,40.47233438736502,Grass
-86.99129085178421,40.47233465641235,Grass
-86.9912915449419,40.47233490331965,Grass
-86.99129222173937,40.47233511263889,Grass
-86.99129290420478,40.47233529290126,Grass
-86.9912935942856,40.47233544171046,Grass
-86.99129430392136,40.472335558585634,Grass
-86.99129502401821,40.47233564196585,Grass
-86.99129575819363,40.472335692153806,Grass
-86.99129647337203,40.47233570487803,Grass
-86.99129717515433,40.472335684191776,Grass
-86.99129788162801,40.47233562580751,Grass
-86.99129858625491,40.47233553108586,Grass
-86.99129928033054,40.47233540276886,Grass
-86.99129996563326,40.47233523587524,Grass
-86.9913006390938,40.472335030455405,Grass
-86.99130129912598,40.47233478932323,Grass
-86.99130193101098,40.47233451622652,Grass
-86.99130253289182,40.47233421255305,Grass
-86.99130310607971,40.47233387781182,Grass
-86.99130365556589,40.472333514738175,Grass
-86.9913041683999,40.47233312571439,Grass
-86.9913046532784,40.47233270990349,Grass
-86.99130509064382,40.47233228745768,Grass
-86.99130550135753,40.47233183553406,Grass
-86.991305880361,40.47233136449538,Grass
-86.99130621042174,40.47233089862439,Grass
-86.99130650969201,40.47233041213893,Grass
-86.99130676667986,40.47232992799202,Grass
-86.99130698095571,40.472329450348894,Grass
-86.99130716113238,40.47232895800597,Grass
-86.9913073055372,40.472328447952734,Grass
-86.9913074114366,40.47232792284342,Grass
-86.99130747550973,40.47232739675015,Grass
-86.99130749826345,40.472326874670415,Grass
-86.99130748004306,40.472326343141816,Grass
-86.99130742121369,40.47232581079752,Grass
-86.99130732666481,40.472325300006055,Grass
-86.99130718494497,40.47232476403921,Grass
-86.99130700883617,40.47232421450614,Grass
-86.99130680617817,40.47232368246296,Grass
-86.99130657297225,40.47232316571121,Grass
-86.99130631005225,40.47232266929642,Grass
-86.9913060201284,40.472322198458166,Grass
-86.99130568486704,40.4723217262672,Grass
-86.99130530008594,40.47232126071948,Grass
-86.99130488083654,40.47232081994028,Grass
-86.99130442813161,40.47232040829837,Grass
-86.99130393110761,40.47232001817728,Grass
-86.99130340727541,40.47231966482191,Grass
-86.99130287138783,40.47231934844224,Grass
-86.9913022960118,40.47231905358532,Grass
-86.99130168181068,40.47231878476022,Grass
-86.99130103363576,40.4723185463773,Grass
-86.99130036896125,40.472318340289256,Grass
-86.9912996789708,40.47231816392324,Grass
-86.99129896363226,40.47231801727177,Grass
-86.99129826315537,40.472317905637645,Grass
-86.99129756135032,40.47231782475434,Grass
-86.99129685441538,40.47231777433787,Grass
-86.9912961356967,40.47231775590437,Grass
-86.99129541994913,40.47231776915721,Grass
-86.99129470429683,40.47231781459324,Grass
-86.99129397077073,40.47231789343144,Grass
-86.99129324063182,40.47231800589737,Grass
-86.99129252269469,40.47231814923384,Grass
-86.99129182516374,40.472318323307434,Grass
-86.9912911384261,40.472318529686056,Grass
-86.99129047696114,40.47231876623665,Grass
-86.99128984904932,40.47231902629338,Grass
-86.991289247516,40.47231931043818,Grass
-86.9912886484723,40.47231963149222,Grass
-86.99128806303713,40.47231998138111,Grass
-86.99128748541109,40.47232035830894,Grass
-86.99128692277337,40.472320750491534,Grass
-86.99128636540564,40.472321157258335,Grass
-86.99128580148489,40.47232157480001,Grass
-86.99128522201445,40.472321997339634,Grass
-86.99128460940982,40.47232242439199,Grass
-86.9912839570004,40.47232284798168,Grass
-86.99128326692625,40.47232325660499,Grass
-86.99128255142648,40.47232363698564,Grass
-86.99128178376216,40.47232399582124,Grass
-86.99128099413619,40.47232431592126,Grass
-86.99128020144657,40.47232459457555,Grass
-86.9912794155894,40.47232482969121,Grass
-86.99127862594953,40.47232502533532,Grass
-86.99127784086154,40.47232518190542,Grass
-86.99127706758654,40.47232530315056,Grass
-86.99127629257234,40.472325394260885,Grass
-86.99127550100074,40.47232546193329,Grass
-86.99127470379523,40.47232551245303,Grass
-86.99127388891651,40.47232555064436,Grass
-86.99127305985354,40.47232557912497,Grass
-86.9912722449601,40.47232560009736,Grass
-86.99127143446685,40.472325616536125,Grass
-86.99127061659081,40.4723256265157,Grass
-86.99126980217768,40.47232563093005,Grass
-86.99126897790725,40.47232563088153,Grass
-86.99126814830375,40.47232562770524,Grass
-86.99126731612844,40.472325620853375,Grass
-86.9912664884191,40.47232561113242,Grass
-86.99126566220866,40.472325602834154,Grass
-86.99126484062819,40.47232559861717,Grass
-86.99126400080273,40.472325598534844,Grass
-86.99126317678748,40.472325601770685,Grass
-86.99126237244266,40.47232560711289,Grass
-86.99126153842262,40.47232561126592,Grass
-86.99126069971452,40.47232561324216,Grass
-86.99125986742534,40.472325616947806,Grass
-86.99125901810595,40.47232562631916,Grass
