longitude,latitude
-86.9912517052132,40.4723285423722
-86.9912516921483,40.472328541756
-86.991251693998,40.4723285332791
-86.9912517148096,40.4723285574078
-86.9912517097441,40.4723285511192
-86.99125185852,40.4723284498725
-86.9912520502939,40.4723283372223
-86.991252192066,40.4723282395842
-86.9912522200774,40.4723282252891
-86.9912522261842,40.4723282230992
-86.9912522196459,40.4723282490649
-86.9912521845922,40.4723282547515
-86.9912521820385,40.4723282538457
-86.9912521719003,40.4723282574709
-86.9912521554093,40.4723282717147
-86.9912521587996,40.472328283182
-86.991252146049,40.4723282906472
-86.9912521143063,40.4723282979505
-86.9912521236643,40.4723283017155
-86.9912520912462,40.4723283038814
-86.9912520765076,40.4723282933351
-86.9912520926719,40.4723283202335
-86.9912520938096,40.4723283199189
-86.9912520535151,40.4723283345959
-86.991252068025,40.4723283403707
-86.9912520621505,40.4723283413924
-86.9912520487267,40.4723283618436
-86.9912520434041,40.4723283611042
-86.9912520169608,40.4723283566952
-86.9912520351989,40.4723283484664
-86.9912520323188,40.4723283560313
-86.9912520133836,40.4723283545141
-86.9912519894951,40.4723283505813
-86.9912519703548,40.4723283652468
-86.9912519923177,40.4723283779672
-86.9912519670671,40.4723283765879
-86.9912519523907,40.4723283693633
-86.9912519624539,40.4723283683474
-86.9912519540215,40.4723283811566
-86.9912519381834,40.4723283885232
-86.9912519396987,40.4723283791396
-86.9912519412595,40.4723283886846
-86.9912519415017,40.4723283968757
-86.9912519296537,40.4723284049831
-86.9912519288957,40.4723283994914
-86.9912519266599,40.4723284040075
-86.9912519091285,40.4723283922131
-86.9912519220796,40.4723284060194
-86.9912519123567,40.4723284009699
-86.9912519109438,40.4723283962408
-86.991251914522,40.4723283887431
-86.99125190237,40.4723283871885
-86.9912519016252,40.4723283903726
-86.9912518871406,40.4723283852183
-86.9912518778209,40.4723283911864
-86.9912518918271,40.4723284030833
-86.9912518681171,40.4723284242029
-86.9912519740864,40.4723284801689
-86.991251963234,40.4723285448507
-86.9912519166391,40.4723285630337
-86.9912520490715,40.4723286908187
-86.9912521550538,40.4723288593523
-86.9912523448491,40.4723290353415
-86.9912527991377,40.4723293248096
-86.9912530401447,40.4723296213036
-86.9912538628929,40.4723299441602
-86.9912541087308,40.4723300821801
-86.9912544994561,40.4723302775126
-86.991255263784,40.472330400587
-86.9912555211846,40.4723304511868
-86.9912560936927,40.4723306278926
-86.9912567151238,40.4723309321995
-86.9912570046669,40.4723312241659
-86.9912572414878,40.4723315558077
-86.9912582354692,40.4723318306783
-86.991258880477,40.4723323117673
-86.9912594398969,40.4723328814689
-86.9912602947885,40.4723333137085
-86.9912611285104,40.4723339218095
-86.9912617008752,40.4723344227856
-86.9912620844516,40.4723350412061
-86.9912627990093,40.4723355702661
-86.9912634570087,40.4723361378417
-86.9912640105492,40.4723366501941
-86.9912644116372,40.4723374811537
-86.9912648124109,40.4723380048573
-86.9912652568463,40.4723385727574
-86.9912658221424,40.4723393027382
-86.991266266576,40.4723399591575
-86.9912667916981,40.4723405828049
-86.9912673074564,40.4723412239415
-86.9912677747654,40.4723418948551
-86.9912684555815,40.4723424183695
-86.9912688627439,40.4723430696609
-86.9912695188794,40.4723435722416
-86.9912700225293,40.4723439953961
-86.9912702617056,40.4723445395895
-86.9912707363287,40.4723451364733
-86.991271096073,40.472345614866
-86.9912715012778,40.4723459968119
-86.9912717410209,40.4723464620655
-86.9912719617065,40.4723468007574
-86.9912721385553,40.4723471669446
-86.9912722711655,40.472347592606
-86.9912724754096,40.4723479835528
-86.9912726367871,40.472348310266
-86.991272656998,40.4723487395453
-86.9912726131875,40.472349067726
-86.9912724190299,40.4723493008621
-86.9912722931942,40.472349471266
-86.9912721843733,40.4723497103916
-86.991271661136,40.4723498854101
-86.9912715074067,40.4723497170718
-86.9912710276776,40.4723500613481
-86.9912709084423,40.4723500365115
-86.9912700261407,40.4723501787919
-86.9912696212373,40.4723500913831
-86.9912693092174,40.4723499901921
-86.9912691292605,40.4723499426792
-86.991268460908,40.472349842573
-86.9912682065194,40.4723498740232
-86.9912675194496,40.4723495986818
-86.9912671430043,40.4723493412151
-86.9912663932745,40.4723490215156
-86.9912661384747,40.47234900196
-86.9912652934912,40.472348620275
-86.9912649324589,40.4723485355201
-86.9912641817263,40.4723481445762
-86.9912635210338,40.4723480950155
-86.9912628101186,40.4723477313126
-86.9912617442416,40.4723476871318
-86.9912610019052,40.472347497315
-86.9912600506491,40.4723474891979
-86.9912592079395,40.4723476110823
-86.9912582400742,40.4723472567196
-86.9912575489594,40.4723470511414
-86.9912564255997,40.472347019423
-86.9912552887362,40.4723467614225
-86.991254311988,40.4723467010692
-86.9912531545517,40.4723466223522
-86.9912523044377,40.4723463972112
-86.9912511106622,40.4723462609957
-86.9912501448447,40.4723460590956
-86.9912490854691,40.4723460682649
-86.9912485282673,40.4723460536802
-86.9912480176291,40.4723461466729
-86.9912473764436,40.4723461715309
-86.9912466141437,40.4723462822537
-86.9912458159807,40.4723464231213
-86.9912453190002,40.4723463658383
-86.991244554698,40.4723466028037
-86.9912439811961,40.4723465793766
-86.9912431381488,40.4723470091432
-86.9912425293182,40.4723473811836
-86.9912422734887,40.4723472717349
-86.9912419324982,40.4723474107306
-86.9912414780877,40.4723477148727
-86.9912409608938,40.4723482310861
-86.9912405203218,40.472348710672
-86.9912400003858,40.4723492613619
-86.9912396518231,40.4723498835084
-86.9912391303465,40.4723502252283
-86.9912386193634,40.472350661439
-86.9912380847157,40.4723511217989
-86.9912375406306,40.4723515374729
-86.9912369982499,40.4723521058925
-86.9912363769234,40.4723525215257
-86.9912358033312,40.4723530066289
-86.9912352127444,40.4723534679873
-86.9912345664759,40.472353899206
-86.9912338832384,40.4723542844565
-86.991233085175,40.4723545979883
-86.9912322456754,40.4723548309921
-86.9912314158371,40.4723549742193
-86.991230618171,40.4723550279685
-86.9912298341543,40.4723550425015
-86.991229125317,40.4723550766764
-86.9912285088174,40.4723549968346
-86.9912280990808,40.4723548986349
-86.991227564303,40.4723546096355
-86.991226999478,40.4723543094677
-86.9912264479217,40.4723540185235
-86.9912259093164,40.4723537216907
-86.991225308575,40.4723534209112
-86.9912246631819,40.4723531453494
-86.9912240068882,40.4723528502039
-86.9912233337839,40.4723525289013
-86.9912226502818,40.4723522242654
-86.9912219818123,40.4723518856728
-86.9912215477837,40.4723516611968
-86.9912208512888,40.4723512944313
-86.9912202353879,40.4723507450192
-86.9912197709715,40.4723501557176
-86.9912191917546,40.4723495797649
-86.9912185742423,40.4723489980235
-86.9912181248792,40.4723483631535
-86.9912178299378,40.4723477125606
-86.9912176315797,40.4723472392199
-86.9912174763717,40.4723467118085
-86.9912173012858,40.4723461673101
-86.9912171681428,40.4723456963676
-86.9912170797214,40.4723451282727
-86.9912170390041,40.4723445497437
-86.9912170789022,40.4723439228653
-86.9912173068784,40.4723432852455
-86.991217744361,40.4723426476813
-86.9912181146548,40.4723420108343
-86.9912186092036,40.4723413709494
-86.9912190831582,40.472340834686
-86.9912195201188,40.4723403295671
-86.9912199066016,40.4723398935817
-86.9912203659583,40.4723394079776
-86.9912208379522,40.4723389825871
-86.991221303396,40.4723385551296
-86.9912217827961,40.4723381843635
-86.9912223260816,40.4723377749481
-86.991222926786,40.4723373701004
-86.9912234920079,40.4723369913609
-86.9912242399914,40.4723365917001
-86.9912248773535,40.4723362394451
-86.991225518298,40.4723358362829
-86.9912265792267,40.4723355284552
-86.9912273603475,40.4723352298551
-86.9912280842125,40.4723349746192
-86.9912290098749,40.4723348788571
-86.9912298257699,40.4723348119139
-86.9912306641539,40.4723348919488
-86.9912314026667,40.4723350310756
-86.9912321220667,40.4723352374825
-86.9912328024078,40.4723354910682
-86.9912334890781,40.4723357510779
-86.9912342085658,40.4723360081973
-86.9912349240763,40.4723363160469
-86.9912355651544,40.4723366585244
-86.9912362276975,40.472337034204
-86.9912369071018,40.4723373823272
-86.991237551279,40.4723377429557
-86.9912382284937,40.4723380913092
-86.9912389154766,40.4723384278442
-86.9912395331481,40.4723388496563
-86.9912401353643,40.4723392568025
-86.9912408094795,40.4723396822285
-86.9912414751359,40.4723401359241
-86.9912419596648,40.4723405836254
-86.9912425768991,40.472341002535
-86.9912432107009,40.4723414917754
-86.9912438091673,40.4723419240566
-86.991244346535,40.4723423008549
-86.9912448171756,40.4723428044854
-86.9912454960725,40.4723433518132
-86.9912465237148,40.472343723877
-86.9912472603312,40.4723441226326
-86.991248132514,40.4723444726516
-86.9912490385018,40.4723447536076
-86.9912500879662,40.4723449938057
-86.9912510034248,40.4723452741197
-86.9912517417087,40.472345314266
-86.9912523877547,40.4723451068761
-86.9912532142633,40.4723449862873
-86.9912539009613,40.4723447274111
-86.9912547886921,40.4723447825344
-86.9912555716781,40.4723447347036
-86.9912566695231,40.4723447346876
-86.991257711268,40.4723441063099
-86.9912586169884,40.4723443722001
-86.9912596885777,40.4723442598661
-86.9912606120167,40.4723440287039
-86.9912616516416,40.4723441220109
-86.9912627790707,40.4723439570498
-86.9912637074659,40.4723438474309
-86.991264620763,40.4723441612295
-86.9912652329059,40.4723436299223
-86.9912662149671,40.4723440198249
-86.9912668549666,40.4723434825465
-86.9912679704888,40.4723435101735
-86.9912687482478,40.4723435089221
-86.9912695787855,40.4723435775028
-86.9912703903831,40.4723436184337
-86.9912713194053,40.4723436551114
-86.9912721856529,40.472343715656
-86.9912730949779,40.4723438170771
-86.9912737675589,40.4723439621788
-86.9912746313269,40.4723438817415
-86.9912755192025,40.4723440868576
-86.9912762943705,40.4723440462336
-86.9912769825927,40.4723442011202
-86.9912776549913,40.4723443796057
-86.991278469583,40.4723448995962
-86.9912791756374,40.4723450483649
-86.9912798901528,40.4723452276124
-86.9912805287814,40.4723456887485
-86.9912812397933,40.4723459693225
-86.9912817899604,40.472346241549
-86.9912824765046,40.4723468041665
-86.9912829843387,40.4723472294115
-86.9912836734872,40.4723480209503
-86.9912843497656,40.4723482686138
-86.9912846667293,40.4723489475049
-86.9912852888376,40.4723492497196
-86.9912863453425,40.4723494930137
-86.9912866780447,40.4723501477483
-86.9912870890566,40.4723506082495
-86.9912879074637,40.4723509821205
-86.9912884129108,40.4723515201118
-86.9912890505308,40.4723518185975
-86.9912896449958,40.4723520928217
-86.9912904054208,40.4723523697968
-86.9912908194785,40.4723525310377
-86.9912913463067,40.4723527102559
-86.99129203738,40.4723526616311
-86.9912925304558,40.4723525369819
-86.9912930447058,40.4723524567401
-86.9912935423766,40.4723522979283
-86.9912940987364,40.472352105881
-86.991294471788,40.4723520054619
-86.9912946912317,40.4723521954398
-86.9912953533637,40.4723520635216
-86.9912959481562,40.4723517713697
-86.9912965534017,40.472351442352
-86.9912971852926,40.4723512738776
-86.9912977885936,40.4723508098499
-86.9912982130915,40.4723505009039
-86.9912987136778,40.4723500832875
-86.9912992001495,40.4723497611885
-86.9912997318026,40.4723493658389
-86.9913001170081,40.4723489799867
-86.9913006059826,40.4723487089609
-86.9913010435119,40.4723484699506
-86.9913015822396,40.4723480490175
-86.9913020670376,40.472347608861
-86.9913024707502,40.4723471310656
-86.9913026445634,40.4723467200363
-86.9913030558496,40.472346228047
-86.9913034518564,40.4723457088597
-86.9913036174426,40.4723453089866
-86.9913036587204,40.4723450451999
-86.9913038944049,40.4723445978603
-86.9913039268487,40.4723443414404
-86.9913042064438,40.4723438195925
-86.9913044221931,40.4723431149046
-86.9913041422089,40.4723423314774
-86.9913042937852,40.4723418313199
-86.9913039037345,40.4723412664266
-86.99130408461,40.4723408311295
-86.991303701467,40.4723402480305
-86.9913035293589,40.4723398813655
-86.9913032244463,40.4723394348641
-86.9913028562878,40.4723389129716
-86.991302667699,40.4723384046208
-86.9913025926886,40.4723379105112
-86.9913020493744,40.4723374626701
-86.9913012873149,40.4723371406349
-86.991300899477,40.4723366286724
-86.9913000716415,40.4723363261517
-86.9912996839716,40.4723359843066
-86.9912989440956,40.4723356360399
-86.9912984013264,40.4723352209297
-86.9912978108845,40.4723348581838
-86.991297004481,40.472334437175
-86.991296450251,40.4723340565073
-86.9912959724777,40.4723336114223
-86.9912949912056,40.4723334450228
-86.9912944718694,40.472333234762
-86.9912939940952,40.4723331346874
-86.9912937552402,40.4723329491429
-86.9912933870756,40.4723329017776
-86.9912931710417,40.4723328951086
-86.991292678572,40.4723327848763
-86.9912919279086,40.4723330175125
-86.9912912510268,40.4723332425997
-86.9912906705111,40.4723333748501
-86.9912900024422,40.472333414685
-86.9912892809785,40.4723336673271
-86.9912886348982,40.4723336441839
-86.9912880985789,40.4723338203741
-86.9912874785821,40.4723338702926
-86.9912869157216,40.4723342018374
-86.9912862912412,40.4723342607114
-86.9912857810945,40.4723343355505
-86.9912852526931,40.4723346068922
-86.9912848272753,40.472334876678
-86.9912845453291,40.472335420743
-86.9912841717353,40.4723355141119
-86.9912836312635,40.4723359477694
-86.9912832240217,40.4723365139845
-86.991282712109,40.4723369493499
-86.9912820026772,40.4723372381806
-86.9912814163579,40.4723375040378
-86.9912808347594,40.4723378287022
-86.9912801995372,40.4723382517491
-86.9912794912821,40.4723386827303
-86.9912791281237,40.4723392582021
-86.9912781825587,40.4723394424515
-86.9912776922896,40.4723399339372
-86.9912771253115,40.472340477969
-86.991276312916,40.4723409100444
-86.9912756240478,40.4723414391728
-86.9912749580242,40.4723416741812
-86.9912742760746,40.4723416451849
-86.9912736923859,40.4723420577004
-86.9912730436288,40.4723421332987
-86.9912725203577,40.4723422008652
-86.991271710462,40.4723421296533
-86.9912708358131,40.4723419171568
-86.9912702782507,40.472341960576
-86.9912697726387,40.4723416267601
-86.9912693148605,40.4723414333627
-86.9912689673002,40.4723412014358
-86.99126817705,40.4723409845982
-86.9912673251086,40.4723410050964
-86.991266453816,40.4723410010599
-86.9912654345077,40.472340747613
-86.9912647741369,40.4723406748366
-86.9912639132879,40.4723405832494
-86.9912629908642,40.4723405744656
-86.9912620005769,40.4723403913866
-86.9912610846523,40.4723403974705
-86.9912604604555,40.4723402117125
-86.9912594631318,40.4723402880281
-86.9912587365318,40.4723401665698
-86.9912580022845,40.4723401551578
-86.9912571094786,40.4723400889747
-86.9912558741745,40.4723402531331
-86.9912550515497,40.4723403654861
-86.9912539185424,40.4723405817444
-86.9912529593989,40.4723407517702
-86.9912516988567,40.4723408148788
-86.9912504801859,40.4723410454576
-86.9912493167411,40.4723414514518
-86.991248603137,40.4723414760774
-86.9912477744736,40.4723415984411
-86.9912471415988,40.4723417249359
-86.9912463783535,40.4723418680729
-86.9912455668641,40.472342055289
-86.9912447518906,40.4723421444648
-86.9912440856132,40.4723421438012
-86.9912433644891,40.4723422842242
-86.9912426161461,40.4723425475154
-86.9912418753516,40.4723427448413
-86.9912410224389,40.4723429448966
-86.9912401970926,40.4723432424161
-86.9912394707609,40.4723435963464
-86.9912391065606,40.4723438393378
-86.9912385970749,40.4723442951517
-86.9912381521137,40.4723447213734
-86.9912377011925,40.4723451192909
-86.9912371548031,40.4723457204654
-86.9912365924383,40.4723462368611
-86.9912360569782,40.4723467057078
-86.9912355042929,40.4723471244939
-86.9912347850365,40.4723475404405
-86.9912341318389,40.4723479916066
-86.9912335454746,40.472348435563
-86.9912327928295,40.4723488393198
-86.9912320511621,40.4723491565085
-86.9912312597468,40.4723494140525
-86.9912304951131,40.4723495464716
-86.9912298509646,40.4723496172903
-86.9912290309376,40.4723496263534
-86.9912284063532,40.4723496067854
-86.9912279024718,40.4723496258739
-86.9912273184883,40.4723494556536
-86.9912267529502,40.4723491860034
-86.9912262498697,40.4723488859279
-86.9912257958986,40.4723485664478
-86.9912252663271,40.4723482007803
-86.9912247758763,40.4723478653194
-86.9912242086088,40.4723475001686
-86.9912235666804,40.4723471265068
-86.9912228644105,40.4723467880536
-86.9912221689472,40.4723463965071
-86.991221555754,40.4723459683174
-86.9912209853566,40.4723455047619
-86.9912204123846,40.4723450595818
-86.9912198423607,40.4723444989436
-86.9912194418254,40.4723438148892
-86.9912188811735,40.4723432169598
-86.9912182500934,40.4723426131888
-86.9912179185264,40.4723418490416
-86.9912176161373,40.4723411268078
-86.9912173722415,40.4723404905704
-86.9912172383665,40.4723398763165
-86.9912170828662,40.4723393470444
-86.9912169587169,40.4723388597096
-86.9912169134164,40.4723383077002
-86.9912170431995,40.4723377231746
-86.9912173214124,40.4723371187065
-86.9912176613372,40.4723365478795
-86.9912180491384,40.4723359972339
-86.9912184996384,40.4723354817196
-86.9912190561333,40.4723350011837
-86.9912195983281,40.4723345501141
-86.9912201227751,40.4723342004417
-86.9912206399767,40.4723337742665
-86.9912212307036,40.4723332964143
-86.9912219500482,40.4723328317655
-86.9912225755481,40.472332400865
-86.9912232957072,40.4723319929647
-86.9912239622115,40.4723316133373
-86.99122462853,40.4723312393578
-86.9912253821796,40.4723308481859
-86.991226243321,40.4723305235912
-86.9912268982534,40.4723301880789
-86.9912279725789,40.4723300099957
-86.9912286607931,40.4723298407471
-86.9912295235249,40.4723296976636
-86.9912303553125,40.4723296337472
-86.9912310979284,40.4723297044635
-86.9912317715063,40.4723298133832
-86.9912324974647,40.4723299998254
-86.9912331975818,40.4723302203251
-86.9912339131488,40.4723304641259
-86.9912346502833,40.4723306906351
-86.9912353077864,40.4723309074718
-86.9912359719922,40.4723311072842
-86.9912366726322,40.472331420901
-86.9912372755233,40.4723317744679
-86.9912378068248,40.4723321777669
-86.9912383397292,40.4723325827955
-86.9912388797011,40.4723330049783
-86.9912394344983,40.4723333954349
-86.9912400742048,40.4723338477069
-86.99124073956,40.4723343069996
-86.9912413327038,40.4723347586486
-86.9912418929882,40.4723351865437
-86.991242391168,40.472335678838
-86.9912431650354,40.4723361017637
-86.9912437360801,40.4723365588019
-86.9912443457525,40.4723370642898
-86.9912449670153,40.4723375255494
-86.9912457280721,40.4723380185901
-86.9912464066594,40.4723384750704
-86.9912472364187,40.4723388534489
-86.9912480679352,40.4723391513384
-86.9912489427518,40.4723392319772
-86.9912495639036,40.4723395519236
-86.991250576723,40.4723397667178
-86.9912514723879,40.4723396290584
-86.9912520261441,40.4723394751215
-86.9912524123705,40.4723394585009
-86.991252896155,40.4723395050138
-86.991253209798,40.4723395283618
-86.9912539774433,40.47233943029
-86.9912547683595,40.4723393783561
-86.9912555139971,40.4723392597619
-86.9912565591946,40.4723390260348
-86.9912575081514,40.4723390454022
-86.9912584655859,40.4723387862346
-86.9912595790138,40.4723386941794
-86.9912606845658,40.4723384928073
-86.9912615759103,40.4723386834263
-86.9912625067,40.4723382462552
-86.9912635884853,40.4723383605721
-86.9912644302742,40.4723381510392
-86.991265340309,40.4723381835764
-86.9912663346486,40.4723380590514
-86.9912670148385,40.4723381219728
-86.9912678584889,40.472338067107
-86.9912689745467,40.4723380020266
-86.991269960076,40.4723381784884
-86.9912706753923,40.4723382253846
-86.9912714749016,40.4723381188097
-86.9912724112905,40.4723381452839
-86.9912732268559,40.4723385132524
-86.9912742566065,40.4723385010099
-86.9912751599006,40.472338511949
-86.991276133787,40.4723386521797
-86.9912769867435,40.4723391326351
-86.9912775484689,40.4723393162677
-86.9912780830224,40.4723395287637
-86.9912789429571,40.4723396664624
-86.9912797306588,40.472339914736
-86.9912803404454,40.4723403126489
-86.9912810644973,40.4723404651721
-86.9912819885618,40.4723407571211
-86.9912825688461,40.4723413037079
-86.9912831848789,40.4723419482003
-86.9912837210507,40.4723424228246
-86.9912845913143,40.4723426926803
-86.9912849719142,40.4723433779043
-86.9912856621693,40.4723437551729
-86.9912863083082,40.4723441567688
-86.9912867643854,40.4723445901607
-86.9912872646894,40.4723452084061
-86.9912880857854,40.4723455623317
-86.9912885754536,40.4723458990542
-86.9912891830244,40.4723460845701
-86.9912896296466,40.4723464559525
-86.9912901587451,40.4723467887393
-86.9912906785437,40.4723471915382
-86.991291310083,40.4723474418689
-86.9912921018549,40.4723477223279
-86.9912932517273,40.4723482952031
-86.9912941681969,40.4723480551818
-86.9912951601473,40.4723477385757
-86.9912953758731,40.4723480191763
-86.9912960261967,40.4723477569642
-86.9912967403807,40.4723472831138
-86.9912970852883,40.4723468593005
-86.9912972273731,40.4723467120663
-86.9912977099208,40.4723459386665
-86.9912978724595,40.4723457895063
-86.9912981910356,40.4723451058641
-86.9912983635498,40.4723448100607
-86.991298757807,40.4723444436411
-86.9912992685952,40.4723440970159
-86.9912999032766,40.4723437091085
-86.9913007001987,40.4723431152627
-86.9913011564767,40.472342757679
-86.9913014573635,40.4723420993427
-86.9913017514913,40.4723416758861
-86.99130206225,40.4723411088733
-86.9913024148033,40.472340639698
-86.9913028195823,40.4723401046193
-86.9913031014033,40.4723396118806
-86.9913037536877,40.4723392259186
-86.9913043447509,40.472338831047
-86.9913045632478,40.4723380861515
-86.99130489511,40.4723372215149
-86.9913047829254,40.472336968892
-86.9913045983917,40.4723365333515
-86.9913044471156,40.4723361224995
-86.9913042266114,40.4723360372071
-86.9913043046512,40.4723358099753
-86.9913041282679,40.4723352255964
-86.9913036242942,40.4723345864154
-86.9913033376633,40.4723340646609
-86.9913032513695,40.472333514979
-86.9913027054712,40.4723331002258
-86.9913022702829,40.4723325590133
-86.9913019087869,40.4723318531474
-86.9913012502805,40.4723312847659
-86.9913006403073,40.4723307989631
-86.991299814041,40.4723304090976
-86.9912992086346,40.4723301754057
-86.9912984790471,40.4723298168206
-86.9912976186168,40.4723296589339
-86.9912971121692,40.4723294245916
-86.9912969034603,40.472328999638
-86.9912959739279,40.4723287025803
-86.9912956103949,40.4723283439779
-86.9912948675187,40.4723281903459
-86.9912941862015,40.4723279652833
-86.9912935321672,40.4723279909805
-86.9912927093101,40.4723280765079
-86.9912920367704,40.4723279414425
-86.9912915957326,40.4723278190873
-86.9912907932521,40.4723278423139
-86.9912902610983,40.4723278289018
-86.9912895073722,40.4723280993772
-86.9912886797546,40.4723280915571
-86.9912881994093,40.4723280983612
-86.9912876615457,40.4723283673467
-86.9912873182767,40.472328395614
-86.991286657574,40.4723286661791
-86.9912861632947,40.4723288826397
-86.9912855655861,40.4723291459848
-86.9912850375837,40.4723293780081
-86.9912846440014,40.4723298705877
-86.9912842603204,40.4723298773467
-86.9912838978476,40.472330026689
-86.9912833991636,40.472330767993
-86.991283108366,40.472330983474
-86.9912827373642,40.4723315357715
-86.9912823247975,40.472331702121
-86.9912819371838,40.4723320468643
-86.9912813513544,40.4723323965115
-86.9912805176928,40.4723327016283
-86.9912799212339,40.4723330216225
-86.9912792652751,40.4723334684968
-86.9912786965882,40.4723338551377
-86.9912779059414,40.47233427017
-86.9912772463325,40.4723346005095
-86.9912763011481,40.4723348990606
-86.9912757368814,40.4723354431159
-86.9912751688812,40.4723357898866
-86.991274400304,40.4723359670969
-86.9912738470165,40.4723361411819
-86.9912732171866,40.4723362405431
-86.9912724394634,40.4723362692884
-86.9912715487738,40.4723363438903
-86.9912706734153,40.4723363953983
-86.9912698628455,40.4723362022203
-86.9912691930131,40.4723362996102
-86.9912684641182,40.472336284204
-86.9912676814084,40.4723362621199
-86.9912668401582,40.4723361730719
-86.991265881866,40.4723361399546
-86.9912650434027,40.472336247107
-86.9912642169176,40.4723361558481
-86.9912633730401,40.4723361243852
-86.9912626781709,40.4723360972428
-86.991261861357,40.4723358548746
-86.9912610853352,40.4723359098015
-86.9912600950884,40.4723358005326
-86.9912595535674,40.4723357715696
-86.991258817841,40.4723357357028
-86.9912577765354,40.4723358572145
-86.9912571524718,40.4723355769383
-86.9912563372991,40.4723355842188
-86.9912554340883,40.4723356067665
-86.9912544820751,40.4723355049317
-86.9912534128269,40.4723354882208
-86.9912525104348,40.4723354886214
-86.9912515862346,40.4723356603598
-86.9912507813078,40.4723358200767
-86.9912497645482,40.472335684321
-86.9912488470141,40.4723356668804
-86.9912480871504,40.47233576023
-86.9912473129793,40.4723357656224
-86.9912468856958,40.472335786503
-86.9912461706431,40.4723357330832
-86.9912453839764,40.4723358289496
-86.9912446002347,40.4723360526222
-86.9912439422924,40.4723362094722
-86.991243463576,40.4723363312225
-86.9912428129315,40.4723366295327
-86.991242219833,40.472336754167
-86.9912416561485,40.4723370768752
-86.9912410566942,40.4723374867365
-86.9912404648275,40.4723378005249
-86.991239905946,40.4723380907127
-86.9912394486919,40.47233870952
-86.9912390658763,40.4723390795231
-86.9912386733873,40.4723394477927
-86.9912381908601,40.4723398632429
-86.9912375776595,40.4723403718094
-86.9912369777511,40.4723408629461
-86.9912364081368,40.4723413068829
-86.9912358583725,40.4723417603351
-86.9912351839834,40.4723422110932
-86.9912346107222,40.472342629503
-86.9912339526458,40.4723430504174
-86.9912332434064,40.4723434864537
-86.9912324336964,40.4723438293475
-86.9912317352731,40.4723440389356
-86.9912309944019,40.4723441522552
-86.99123019757,40.472344195941
-86.9912295595715,40.4723442121912
-86.9912290149687,40.4723441841303
-86.9912284686517,40.4723440846161
-86.9912278550681,40.4723439428823
-86.9912273596718,40.4723437561255
-86.9912268076047,40.4723434855443
-86.9912262227301,40.4723431838665
-86.9912256872908,40.472342883079
-86.9912250971806,40.4723425693251
-86.9912244430031,40.4723422722196
-86.9912237571417,40.4723419421326
-86.9912230870655,40.4723416026133
-86.9912224291113,40.4723412080751
-86.9912218046823,40.4723407849896
-86.9912212339782,40.4723404350995
-86.9912206882674,40.4723400699966
-86.9912202381747,40.4723395605438
-86.9912196931117,40.4723392181521
-86.9912192529164,40.4723387297995
-86.9912188768851,40.4723381255122
-86.9912184707726,40.4723375191243
-86.9912181223641,40.4723368754576
-86.9912179474805,40.4723361258673
-86.9912177693542,40.4723354999613
-86.9912177413434,40.4723349849648
-86.9912175507613,40.4723345912281
-86.9912175688301,40.4723340063078
-86.991217593252,40.4723334197854
-86.9912177207962,40.4723328520857
-86.991217906828,40.4723322323614
-86.9912181391394,40.472331615266
-86.9912184726812,40.4723309784422
-86.9912187594968,40.4723303942754
-86.991219140515,40.4723298348135
-86.9912195612103,40.472329311423
-86.9912199714972,40.4723288873934
-86.9912204814859,40.4723284163294
-86.991221001523,40.4723279393403
-86.9912215444385,40.4723274833838
-86.9912221315161,40.4723270557996
-86.9912227178707,40.4723266461766
-86.9912232576792,40.4723261572999
-86.99122392364,40.4723257099408
-86.9912245493891,40.4723253091294
-86.9912255153329,40.4723249956538
-86.9912263936602,40.4723247156777
-86.991227048309,40.472324448269
-86.9912279430652,40.4723242644558
-86.9912288358376,40.4723241670994
-86.99122966028,40.4723241698911
-86.9912304712355,40.4723243188611
-86.9912312245875,40.4723245052331
-86.9912320541922,40.4723247139769
-86.9912327666646,40.4723248562512
-86.9912335536069,40.4723250576742
-86.9912342884653,40.4723252422966
-86.9912350328067,40.472325454892
-86.9912357630932,40.4723257406702
-86.9912364144593,40.4723260252418
-86.9912371353114,40.4723263631536
-86.991237765327,40.4723267947416
-86.9912384482874,40.4723271588753
-86.9912391104382,40.4723275402335
-86.9912397435123,40.4723279794256
-86.9912403770961,40.4723283900026
-86.9912411153557,40.4723287907651
-86.9912417087258,40.4723292469503
-86.9912423467797,40.4723296046194
-86.9912430189853,40.4723300313063
-86.9912437828164,40.472330415395
-86.9912444670497,40.4723308916072
-86.9912451881867,40.4723313311729
-86.9912459527858,40.4723318497367
-86.9912468265454,40.4723323827253
-86.9912476815117,40.4723328263243
-86.9912485069355,40.4723333299875
-86.9912494138668,40.4723337179104
-86.9912503188471,40.4723342158598
-86.9912511092363,40.4723348117324
-86.9912517017204,40.4723347689015
-86.9912524890493,40.4723345163859
-86.9912530862091,40.4723345914439
-86.9912532399043,40.4723346663443
-86.9912534450246,40.4723346482211
-86.991254336729,40.4723343703852
-86.9912554838148,40.472334256199
-86.9912566571534,40.4723341930552
-86.9912575136201,40.4723340328524
-86.991258533054,40.4723338319297
-86.9912597936791,40.4723336007092
-86.9912606316393,40.4723336240864
-86.9912614660026,40.4723335921705
-86.9912628381656,40.472333450066
-86.9912638083224,40.4723333960262
-86.9912645354209,40.4723332376261
-86.9912656377294,40.4723331581149
-86.9912662557673,40.4723330368144
-86.9912671709537,40.4723329120907
-86.9912682689272,40.4723329564002
-86.9912690267068,40.4723329668253
-86.991269744797,40.4723328436274
-86.991270575347,40.4723328128828
-86.9912715461246,40.4723325899883
-86.9912721736397,40.4723328832196
-86.9912730758917,40.4723327804901
-86.9912741215103,40.4723327783005
-86.991275231346,40.4723330911152
-86.9912761419106,40.4723332875757
-86.991276947864,40.4723332968778
-86.9912775698687,40.4723333340949
-86.9912782928979,40.4723336867767
-86.9912790856819,40.4723339897047
-86.9912794848483,40.4723343900864
-86.9912800340189,40.4723345054975
-86.9912807317379,40.4723348332108
-86.991281348632,40.4723352723135
-86.9912818342975,40.4723356361153
-86.9912823421909,40.4723362539932
-86.9912828217925,40.4723366836964
-86.9912835494581,40.4723372366011
-86.9912841620609,40.4723377080392
-86.9912848108649,40.4723383304097
-86.9912853891773,40.4723387377876
-86.9912860948277,40.4723392275152
-86.9912868304376,40.4723397801969
-86.9912873148729,40.4723403057695
-86.9912880646468,40.4723407103988
-86.9912887049289,40.4723409388544
-86.9912890505396,40.4723412291749
-86.9912895396922,40.4723415691162
-86.9912899866257,40.4723417454149
-86.9912904287632,40.4723419686199
-86.9912910670214,40.4723421796469
-86.9912918266741,40.4723421944971
-86.9912925382603,40.4723419104242
-86.9912933435479,40.4723417367937
-86.9912939858164,40.4723415045817
-86.9912949191133,40.4723412434981
-86.9912955620683,40.4723410857071
-86.9912961306434,40.4723410217737
-86.9912966106209,40.4723408192174
-86.9912968378268,40.4723405847945
-86.9912971914669,40.4723403379906
-86.9912977605902,40.4723399116742
-86.9912983804748,40.4723396326707
-86.9912990928177,40.472339229307
-86.9912997606137,40.4723387915929
-86.991300233335,40.4723385855404
-86.991300654275,40.4723381901929
-86.991301023845,40.4723375637856
-86.9913012079471,40.4723372181348
-86.9913014996486,40.4723369545988
-86.9913020565297,40.472336358373
-86.991302862,40.4723359573375
-86.9913034442149,40.4723354239165
-86.9913037264823,40.4723348353006
-86.9913037640896,40.4723342566922
-86.991304351374,40.4723338846598
-86.9913044982397,40.472333435278
-86.9913047863201,40.472333119006
-86.9913048626672,40.4723325399335
-86.9913045884332,40.472331760094
-86.9913047346645,40.4723315242188
-86.9913044432015,40.472330664714
-86.991304312961,40.4723303011167
-86.9913042056089,40.4723296333271
-86.9913040115345,40.4723290027019
-86.9913032006022,40.472328383817
-86.9913030725474,40.4723280380081
-86.991302558298,40.4723275044076
-86.9913023325442,40.4723269909804
-86.991302047809,40.4723265824206
-86.9913013611522,40.4723260581574
-86.9913010231834,40.472325730301
-86.991300270415,40.4723253607404
-86.9912992628495,40.4723250051029
-86.9912988515018,40.4723247070994
-86.9912986643704,40.4723244024683
-86.991297744637,40.472324246119
-86.9912970411559,40.4723240386269
-86.991296455201,40.4723236755518
-86.9912959149516,40.4723235171241
-86.9912952040697,40.4723231711783
-86.991294499239,40.4723229484033
-86.9912939427196,40.4723226773711
-86.9912933347039,40.4723224931764
-86.9912927630274,40.4723224448356
-86.9912921647943,40.4723226109866
-86.9912917120525,40.4723224680598
-86.9912913053462,40.4723221345678
-86.9912906174252,40.4723221911917
-86.9912901249875,40.4723222082806
-86.9912895923418,40.4723223344869
-86.991288942139,40.4723223936436
-86.9912885329361,40.4723226181782
-86.9912881052296,40.4723228239703
-86.9912876222099,40.4723228576303
-86.9912873925113,40.4723228314208
-86.9912869985994,40.4723228262569
-86.9912863698291,40.4723230010573
-86.9912857814442,40.4723234586843
-86.9912852976207,40.4723238376749
-86.9912847820575,40.4723242509127
-86.9912845418211,40.4723244494222
-86.9912841670296,40.472324721553
-86.991283670975,40.4723253697829
-86.991283416938,40.4723256059676
-86.9912830299152,40.47232605616
-86.9912825934251,40.4723265134327
-86.9912822307696,40.4723268913758
-86.9912816458427,40.4723273991275
-86.9912810869298,40.4723276494211
-86.991280352262,40.4723280411865
-86.9912799188861,40.4723283637681
-86.9912791798089,40.4723287140713
-86.9912783986958,40.4723293250488
-86.9912777671092,40.4723297988572
-86.9912771701177,40.4723301199467
-86.9912764157732,40.4723304245811
-86.9912758707151,40.4723305768601
-86.9912751614459,40.4723307824738
-86.9912743852328,40.4723309139964
-86.9912739268116,40.4723309296259
-86.9912736144811,40.4723309384922
-86.9912728670436,40.4723308375657
-86.9912719456984,40.4723307550871
-86.9912717392595,40.4723306272595
-86.9912709354803,40.4723304173449
-86.9912701925123,40.4723304733756
-86.9912693279448,40.4723302991521
-86.9912685778219,40.4723303046083
-86.9912677160554,40.4723304207785
-86.9912667359383,40.4723303150687
-86.9912658717643,40.4723303753747
-86.991264875986,40.4723302492039
-86.9912639088044,40.4723301548634
-86.9912631821601,40.4723301625362
-86.9912626165808,40.4723300346125
-86.9912616944157,40.472329933612
-86.9912608451834,40.4723300621791
-86.9912601046138,40.4723300916241
-86.9912592648093,40.4723301839121
-86.9912581706306,40.4723301715227
-86.9912574985147,40.4723297363449
-86.9912567668184,40.4723299277995
-86.9912559652153,40.4723298359183
-86.9912549912033,40.4723295891172
-86.991254001449,40.4723297848565
-86.9912527445313,40.4723300014662
-86.991251756687,40.4723301864581
-86.991251050497,40.472330161436
-86.9912499918741,40.4723300095133
-86.9912488682131,40.4723301247981
-86.9912481593942,40.4723302106318
-86.9912473451774,40.4723301969112
-86.9912467610098,40.4723303540048
-86.9912461077764,40.4723303668816
-86.9912453819504,40.4723305084757
-86.9912448192759,40.4723306793836
-86.9912442852235,40.4723307690397
-86.991243604845,40.4723308446749
-86.9912429223361,40.4723311001662
-86.9912422787583,40.4723314273735
-86.9912416466529,40.4723317689978
-86.9912409687438,40.4723323164296
-86.9912403996185,40.4723329153443
-86.9912397596898,40.4723333079681
-86.9912393516149,40.4723336728505
-86.9912390693904,40.4723340915454
-86.9912386424203,40.472334476101
-86.9912381539506,40.4723349844586
-86.9912375501735,40.4723354525038
-86.9912369742317,40.4723359143759
-86.9912363669283,40.4723363952683
-86.9912357238437,40.4723368965094
-86.9912350773228,40.472337346632
-86.9912344049297,40.4723377756331
-86.9912337484652,40.4723381783541
-86.9912330076794,40.4723384527496
-86.991232204379,40.4723386732461
-86.9912313825206,40.4723387645385
-86.9912307399911,40.472338810325
-86.9912301015792,40.4723387779759
-86.9912294407203,40.472338716408
-86.9912288254222,40.4723386649814
-86.9912281813829,40.4723385068681
-86.9912275983271,40.4723383009475
-86.9912270247168,40.4723380797995
-86.9912264296321,40.472337827064
-86.991225819426,40.4723375652854
-86.9912252225622,40.4723372131976
-86.9912246159779,40.4723368782962
-86.9912239501969,40.47233649791
-86.9912232987365,40.4723361075767
-86.9912225772797,40.472335783523
-86.991221885504,40.4723353903162
-86.9912212776039,40.4723349969417
-86.9912206778933,40.4723346090033
-86.99122018847,40.4723342764592
-86.9912197203115,40.4723337792241
-86.9912191649334,40.4723332536147
-86.991218709644,40.4723326364052
-86.9912183411323,40.4723319507207
-86.9912180743569,40.4723312765945
-86.991217903056,40.4723306010763
-86.9912177357558,40.4723300095968
-86.9912175849042,40.4723294687393
-86.9912174706554,40.4723289412232
-86.9912174224535,40.4723283902112
-86.9912174920099,40.4723278083257
-86.9912176795013,40.4723271802538
-86.9912179131988,40.4723265474752
-86.9912181589456,40.4723259483092
-86.9912184697759,40.4723253773413
-86.9912188885499,40.4723248618375
-86.991219262673,40.4723243805502
-86.9912198054657,40.4723238737788
-86.991220234368,40.4723234002528
-86.9912207374592,40.4723229333968
-86.9912212698126,40.4723224410006
-86.9912218460791,40.4723219684941
-86.991222432464,40.4723215428235
-86.991223090925,40.4723211315667
-86.9912238117458,40.4723207606845
-86.9912243802599,40.4723203921199
-86.9912251686098,40.4723200397758
-86.9912260428062,40.47231972399
-86.9912266974231,40.4723193988726
-86.9912275353459,40.4723191278691
-86.9912285502441,40.4723189838464
-86.9912293055539,40.4723188393753
-86.9912301457569,40.4723188349498
-86.9912309443584,40.4723189079028
-86.9912317573964,40.4723190872595
-86.9912325044552,40.4723193133711
-86.9912332302091,40.4723195590091
-86.9912339759315,40.4723197570667
-86.9912347512218,40.4723200041124
-86.9912354698555,40.4723202752656
-86.9912362026167,40.4723205537921
-86.9912368956613,40.4723208984812
-86.9912375445484,40.472321245145
-86.9912382008083,40.4723216377652
-86.9912387805557,40.4723220399692
-86.9912393200191,40.472322416257
-86.9912398699207,40.4723228472366
-86.9912404304595,40.4723232633182
-86.9912409715925,40.4723236761384
-86.9912414826307,40.4723241606162
-86.9912421300305,40.4723245664084
-86.9912427075727,40.4723249746059
-86.9912432839191,40.4723253745793
-86.9912438569488,40.4723258120033
-86.9912444381273,40.4723262271222
-86.9912450744829,40.4723266181769
-86.9912456502644,40.4723270771313
-86.9912464039026,40.4723275016733
-86.9912473469993,40.4723277841694
-86.9912479777723,40.4723281182537
-86.9912486555933,40.4723284358616
-86.9912495929705,40.4723287677065
-86.9912504764784,40.4723290119702
-86.9912510014873,40.4723288594207
-86.9912510967601,40.4723288277845
-86.9912511552674,40.4723288974666
-86.9912513600299,40.4723289036067
-86.9912515210487,40.472328965413
-86.9912517419392,40.4723289149847
-86.991252243506,40.4723289459232
-86.9912527919297,40.4723289497609
-86.9912537249781,40.472328859351
-86.9912546040078,40.4723284993936
-86.9912553382256,40.4723284532492
-86.9912562501025,40.4723279989786
-86.9912573210697,40.4723278655885
-86.9912581029475,40.4723275392023
-86.9912594237509,40.4723277380745
-86.9912602824754,40.472327625076
-86.991261225366,40.4723274336575
-86.9912621349563,40.4723272569855
-86.9912631500629,40.4723273153824
-86.9912638926112,40.4723273612355
-86.9912645126264,40.4723269444068
-86.9912653275222,40.4723267978733
-86.991266148642,40.4723270613409
-86.9912669903683,40.4723271963452
-86.991267820865,40.4723271207425
-86.9912686447616,40.4723272173367
-86.9912691855731,40.4723271431067
-86.9912702709431,40.4723275377113
-86.9912711040794,40.4723275177816
-86.9912720666038,40.4723275259655
-86.99127286969,40.4723278031998
-86.9912737460555,40.4723277955554
-86.9912746277931,40.4723279755407
-86.9912755736616,40.4723281591534
-86.9912765056113,40.4723283126082
-86.9912773950538,40.4723285666189
-86.9912781338699,40.4723288936856
-86.9912788715746,40.4723288555934
-86.9912795786542,40.4723292449376
-86.991280207056,40.4723294007494
-86.9912810593835,40.4723296757559
-86.9912816146138,40.472329599465
-86.9912823063781,40.4723301057741
-86.9912828740386,40.4723306903706
-86.9912834525685,40.4723313868136
-86.9912842499183,40.47233147652
-86.9912847922446,40.472331939955
-86.9912852149027,40.4723322486158
-86.9912857248057,40.4723328205887
-86.9912865555116,40.4723332216075
-86.9912870351989,40.4723337921839
-86.9912878108163,40.4723342319404
-86.9912884514726,40.4723346436056
-86.9912888005365,40.472335266757
-86.9912895592312,40.4723356919166
-86.9912901361667,40.4723359859876
-86.9912905028857,40.4723361061984
-86.9912908763239,40.4723361578161
-86.9912912298963,40.4723363977086
-86.9912917719009,40.4723366624446
-86.9912924926177,40.4723367056007
-86.9912931819623,40.4723364931577
-86.9912934560885,40.4723365899963
-86.9912937165142,40.4723365897533
-86.9912948887321,40.4723362819459
-86.9912952943923,40.4723360977306
-86.9912958646097,40.4723359731463
-86.9912963534152,40.4723356412959
-86.9912966419234,40.4723354566164
-86.991297147377,40.4723352006067
-86.991297506338,40.4723347773232
-86.9912979026224,40.4723344648384
-86.9912983674149,40.4723342895184
-86.991298751182,40.4723341413304
-86.9912994080425,40.4723335601421
-86.9912998102196,40.4723331846861
-86.991300374592,40.4723328782711
-86.9913009704263,40.4723324608754
-86.9913013871673,40.4723319649033
-86.9913018596129,40.4723315716731
-86.9913022352544,40.4723312266591
-86.9913028600161,40.4723308360746
-86.991303129059,40.4723302750788
-86.9913034623472,40.4723297440615
-86.9913038814016,40.4723294845366
-86.9913041500194,40.4723291534135
-86.9913044754688,40.4723283986483
-86.99130480201,40.4723279695298
-86.9913043588604,40.4723271655582
-86.9913045232711,40.4723269551904
-86.9913044518482,40.4723263589023
-86.9913043875597,40.4723258040902
-86.991304155157,40.4723252887102
-86.991304025977,40.4723247989672
-86.9913039516381,40.4723243213947
-86.99130380827,40.4723237433366
-86.9913031832644,40.4723231487956
-86.9913030064298,40.472322651544
-86.9913027038857,40.4723222399412
-86.9913024383672,40.4723217652137
-86.9913018247507,40.4723213252962
-86.991301251365,40.4723209118996
-86.9913009122065,40.4723204662546
-86.9913003559053,40.4723199993243
-86.9912998409252,40.4723194830094
-86.991299156001,40.4723190041478
-86.991298580621,40.4723186742755
-86.9912981675725,40.4723182892817
-86.9912975254914,40.4723178721157
-86.9912967382023,40.4723178102555
-86.9912960996359,40.4723177000457
-86.991295432567,40.4723176889088
-86.9912950047709,40.4723176128534
-86.9912942961484,40.4723174241965
-86.9912937394928,40.4723172832058
-86.9912930794618,40.4723172292985
-86.9912923984937,40.4723171070822
-86.9912918133922,40.4723170666266
-86.9912914692713,40.4723170696351
-86.9912910228331,40.4723170956326
-86.9912904163452,40.4723171140981
-86.9912896787852,40.4723172191882
-86.9912890812369,40.4723171476941
-86.9912884698521,40.4723173089333
-86.9912878771368,40.4723175320851
-86.9912872651738,40.4723177117052
-86.9912864883778,40.4723179541917
-86.9912860248576,40.4723182233033
-86.9912855277868,40.4723184861416
-86.9912851479922,40.4723186745537
-86.9912848730191,40.4723189091928
-86.9912845707444,40.4723192940625
-86.9912842117463,40.4723197127098
-86.9912835495906,40.4723202171671
-86.9912833200388,40.4723207458544
-86.9912827849194,40.472321210671
-86.9912825339613,40.4723213356564
-86.9912817121107,40.4723217809172
-86.9912810285137,40.4723221512988
-86.9912805735455,40.4723227359459
-86.991280105232,40.472323138746
-86.9912795402802,40.4723234709217
-86.9912786178148,40.4723239866524
-86.9912778657066,40.4723242040099
-86.991277422501,40.4723246872681
-86.9912765932503,40.4723249532139
-86.9912758140499,40.4723252236735
-86.9912749561795,40.4723252632644
-86.9912742421928,40.4723252879549
-86.9912735295921,40.4723252786116
-86.9912729268146,40.472325194296
-86.9912722263063,40.4723251006333
-86.9912713916433,40.4723252554835
-86.9912709319353,40.4723253145111
-86.9912697597666,40.4723250772283
-86.9912692084969,40.4723252541182
-86.9912681833107,40.4723250934461
-86.9912673616119,40.4723249397806
-86.9912664189989,40.4723250857047
-86.9912656172304,40.4723248436205
-86.991264768407,40.4723249241219
-86.9912639267751,40.4723249103861
-86.9912630562506,40.4723247981552
-86.9912622725277,40.4723250094602
-86.9912616314729,40.4723250087194
-86.9912607346928,40.4723249777121
-86.9912598531801,40.4723248809401
-86.9912591278755,40.4723248788577
-86.9912581676104,40.472324684608
-86.9912573558712,40.4723246654135
-86.9912566225478,40.472324896896
-86.9912559122372,40.4723247280996
-86.9912552239023,40.4723246880989
-86.9912538522191,40.4723247489393
-86.9912529744148,40.4723245393095
-86.9912522174453,40.4723245332903
-86.9912509799303,40.4723246787014
-86.9912499922669,40.4723246697058
-86.991249186027,40.472324779518
-86.9912484119149,40.4723249258532
-86.9912475389353,40.4723249522308
-86.9912470648622,40.4723250324331
-86.9912465058327,40.4723249887009
-86.9912456683023,40.4723250642318
-86.9912449156948,40.4723250572564
-86.991244139386,40.4723253141703
-86.9912435230108,40.4723253954491
-86.9912429461726,40.4723256954319
-86.9912423547392,40.4723260438176
-86.9912417119249,40.4723263642099
-86.9912412660716,40.4723265891119
-86.9912406558603,40.4723271325148
-86.9912401617946,40.4723274516952
-86.9912397473777,40.4723279798015
-86.9912393742074,40.4723283755319
-86.9912388828188,40.4723287976723
-86.9912383245569,40.4723292714794
-86.9912377997782,40.4723296921158
-86.9912373080873,40.4723301897169
-86.9912367352956,40.4723306052888
-86.9912361819043,40.4723310635627
-86.9912355612976,40.4723315130868
-86.9912349668286,40.472331995915
-86.9912343056594,40.4723323857796
-86.9912336379361,40.4723328067966
-86.9912329270547,40.4723331160615
-86.9912321359098,40.4723333509304
-86.9912312996416,40.4723334460603
-86.9912305084576,40.4723335157351
-86.9912297894193,40.4723334748943
-86.9912290699738,40.4723334398745
-86.9912284432412,40.4723333276837
-86.9912278567207,40.4723331418691
-86.9912272325252,40.4723328677852
-86.9912267323816,40.472332603479
-86.9912262330045,40.4723323409495
-86.991225663897,40.4723320425377
-86.9912250865985,40.472331712738
-86.9912244284192,40.4723313455469
-86.9912237944442,40.4723309779788
-86.9912231378472,40.4723306163789
-86.9912224343352,40.4723303000444
-86.9912217426711,40.472329826792
-86.9912211797052,40.4723293704001
-86.9912206709371,40.4723289826242
-86.9912202183695,40.4723285433622
-86.9912197804973,40.4723280872911
-86.9912190876736,40.4723276532306
-86.9912185931663,40.4723269458694
-86.9912183326442,40.4723262374105
-86.9912181294966,40.4723255158214
-86.991217903237,40.4723247736139
-86.9912177044102,40.4723242466021
-86.9912175573061,40.4723236617903
-86.9912175096831,40.4723230775004
-86.991217521144,40.4723224813376
-86.9912176744326,40.4723218872668
-86.9912178312782,40.4723213062412
-86.9912180685138,40.4723207184611
-86.991218447032,40.4723200861003
-86.9912188391204,40.4723195188057
-86.9912192300146,40.4723189898281
-86.9912196024523,40.4723185260815
-86.9912200726921,40.4723180686946
-86.9912205892203,40.4723175782163
-86.9912211502385,40.4723170955451
-86.9912217444437,40.4723166452598
-86.9912223220793,40.4723162348255
-86.991222983109,40.4723158295435
-86.991223579634,40.4723154095933
-86.9912242933149,40.4723149994911
-86.9912249971891,40.4723146893712
-86.9912257420718,40.4723143521943
-86.9912266128712,40.4723140127152
-86.9912276222754,40.4723138387729
-86.9912282177526,40.4723135753577
-86.9912291015765,40.472313483098
-86.9912299117013,40.4723134503164
-86.9912306512013,40.4723136096959
-86.9912314732185,40.4723137315823
-86.9912322528045,40.4723138742728
-86.9912331028134,40.4723140579929
-86.9912337635594,40.4723142535355
-86.9912344361656,40.4723144508977
-86.9912352155078,40.4723146711627
-86.9912358676583,40.4723149107484
-86.9912365991986,40.4723151218121
-86.9912373674857,40.4723155360724
-86.9912380166535,40.472315925134
-86.9912386546685,40.472316303866
-86.9912392554968,40.4723167039565
-86.9912397695057,40.4723171724817
-86.9912403565282,40.4723176057519
-86.9912409290993,40.472318048225
-86.9912415922309,40.4723184525958
-86.9912422574921,40.4723188861214
-86.9912428344068,40.4723193357676
-86.9912433962835,40.4723198221068
-86.9912439969166,40.4723202639144
-86.9912445476229,40.4723206713865
-86.9912452296526,40.4723212355726
-86.9912458757402,40.4723216693908
-86.9912466868023,40.4723220794237
-86.9912473696108,40.472322413987
-86.9912481416463,40.4723227103396
-86.9912487346891,40.4723229739844
-86.9912495834149,40.4723232938776
-86.9912503799185,40.4723234346302
-86.9912506314974,40.4723234218532
-86.9912506651185,40.4723233679999
-86.9912508804489,40.4723234624075
-86.9912511126459,40.472323494887
-86.9912513513727,40.4723234931248
-86.9912517912566,40.4723235007945
-86.9912523711976,40.4723234372192
-86.9912534200178,40.472323010442
-86.991254350518,40.472323014392
-86.9912552271159,40.4723228818899
-86.9912561541695,40.4723228054229
-86.9912570783298,40.4723223815084
-86.9912582174217,40.4723222988929
-86.9912593787604,40.4723222046683
-86.9912603959645,40.4723220073212
-86.9912613424872,40.4723219611692
-86.9912620644454,40.472321807409
-86.9912631472802,40.4723216451684
-86.9912642432036,40.472321413254
-86.9912651334339,40.4723214654059
-86.9912658899572,40.4723213738474
-86.9912666921699,40.4723213982041
-86.9912676303814,40.4723214347626
-86.9912685162445,40.4723216635659
-86.9912694047912,40.4723215250848
-86.9912701968455,40.4723215608261
-86.9912708109617,40.4723218412476
-86.9912717976643,40.4723220584145
-86.9912729427494,40.4723220374131
-86.9912737257819,40.4723223585464
-86.9912747894318,40.4723223603608
-86.9912756046778,40.4723226273132
-86.9912764640819,40.4723227769597
-86.991277393455,40.4723233706591
-86.991278326844,40.4723234423462
-86.9912790205728,40.4723237817475
-86.991279804348,40.4723241189939
-86.991280645711,40.4723244288781
-86.9912813248734,40.4723247596812
-86.9912820572728,40.4723250877762
-86.9912828328958,40.4723254231607
-86.9912834531058,40.4723258816681
-86.9912841640083,40.4723263450594
-86.9912847043831,40.4723269389725
-86.9912851171855,40.4723273553197
-86.9912858130031,40.4723277382234
-86.9912863313357,40.4723281526772
-86.9912869402548,40.4723285482082
-86.9912875135063,40.4723289707114
-86.9912882238551,40.4723294944645
-86.9912889291206,40.472329882857
-86.9912891205288,40.4723302635781
-86.9912896639344,40.4723307860651
-86.9912904002416,40.4723310275143
-86.991291158355,40.472330968436
-86.9912914095811,40.4723310790877
-86.9912920335538,40.4723309917869
-86.9912925149762,40.4723311296875
-86.9912933545587,40.4723312359787
-86.9912942294365,40.4723309654757
-86.9912945734951,40.4723307883205
-86.9912951628418,40.4723307966722
-86.9912959428614,40.4723305790026
-86.9912964234529,40.4723301600046
-86.9912968435381,40.472329943928
-86.9912972565813,40.4723296579114
-86.9912975705063,40.4723293841366
-86.9912983217177,40.4723289617743
-86.9912990832253,40.4723282627779
-86.9912996135419,40.4723281340233
-86.9913002815616,40.4723277506197
-86.9913008434065,40.4723272466594
-86.9913012492461,40.4723268222872
-86.9913018001613,40.4723264652639
-86.9913022194968,40.4723258466529
-86.9913025544634,40.4723254508655
-86.9913030084028,40.4723250746462
-86.9913032322024,40.4723246559209
-86.991303425294,40.4723243558848
-86.9913039461349,40.4723239806585
-86.9913044161238,40.4723234973748
-86.9913047182932,40.4723228623941
-86.9913049060449,40.4723220613975
-86.9913046749833,40.4723217720019
-86.991304468392,40.4723212159046
-86.9913044201232,40.4723205934306
-86.9913039337291,40.4723198031795
-86.9913039250273,40.4723193789486
-86.9913036134563,40.4723187190588
-86.9913035917626,40.4723181718853
-86.9913034050032,40.4723175987389
-86.9913031320776,40.4723171659101
-86.991302731494,40.472316480825
-86.9913022249409,40.4723159515133
-86.9913016893242,40.4723154998733
-86.9913014325472,40.4723150335634
-86.991300918887,40.4723146004877
-86.9913003904232,40.4723142320508
-86.9912996443104,40.4723138122269
-86.9912989700896,40.4723134563823
-86.991298179372,40.4723130956589
-86.9912974998245,40.4723128042507
-86.9912970924631,40.4723124634636
-86.9912962842903,40.4723123665069
-86.9912955284686,40.4723123700692
-86.9912949169551,40.4723121016299
-86.9912940668547,40.4723119261546
-86.9912935425059,40.4723116661857
-86.9912928952388,40.4723113871693
-86.9912923235232,40.4723113455449
-86.9912917921885,40.4723113784112
-86.9912909921983,40.4723116106936
-86.9912904788138,40.4723116969517
-86.9912900018029,40.4723120241149
-86.9912894108979,40.4723121250206
-86.9912887484027,40.4723121125175
-86.9912882404165,40.4723123435562
-86.9912878867815,40.4723122756676
-86.9912869024845,40.4723125151719
-86.9912863604221,40.4723126913036
-86.9912859554174,40.4723128537417
-86.9912852580982,40.472313165289
-86.9912848236793,40.4723135161698
-86.9912843957435,40.4723137255655
-86.9912842032785,40.4723140260588
-86.9912837754068,40.4723143818808
-86.9912833649576,40.472314629655
-86.9912828391118,40.4723148731282
-86.9912823536003,40.4723154054644
-86.9912819829803,40.4723156556671
-86.9912815615449,40.4723160625636
-86.9912812576933,40.4723166723988
-86.9912806262079,40.4723168495454
-86.9912800934097,40.4723175689694
-86.9912794543676,40.4723179147869
-86.991278954114,40.4723182117986
-86.9912782779987,40.4723190444738
-86.9912773871715,40.4723193260715
-86.9912765975991,40.4723195946497
-86.9912757213693,40.4723199621273
-86.9912752888124,40.4723200438277
-86.9912741619787,40.4723202089839
-86.991273509268,40.4723202000639
-86.9912731980407,40.4723203124815
-86.9912727731067,40.4723203840271
-86.9912721879653,40.4723204108097
-86.9912716324935,40.4723205112772
-86.9912708572959,40.4723204045063
-86.9912697055179,40.4723198602328
-86.9912691238227,40.4723198523123
-86.9912683335025,40.4723198189388
-86.991267533159,40.4723195609711
-86.9912665450399,40.472319475759
-86.991265699613,40.4723193535745
-86.9912649904228,40.4723192514007
-86.9912640986605,40.4723192914915
-86.9912633953508,40.4723191274698
-86.9912624748628,40.4723190263488
-86.9912618253065,40.4723189440606
-86.9912609337294,40.4723188539613
-86.9912599969478,40.4723186872648
-86.9912592646826,40.4723186474203
-86.9912583039236,40.4723186172542
-86.9912574985342,40.4723185002264
-86.9912567248122,40.4723185462913
-86.9912559940747,40.4723184284133
-86.9912551366983,40.4723186156373
-86.9912541279207,40.4723186467508
-86.991253322384,40.4723186820394
-86.9912525066786,40.4723187395772
-86.9912515969799,40.4723187831936
-86.9912505864327,40.4723190522399
-86.9912493707903,40.4723193735387
-86.99124846151,40.4723196009576
-86.991247710896,40.472319680737
-86.9912471568482,40.4723197959722
-86.9912462904722,40.4723199234677
-86.9912455265525,40.4723200518978
-86.9912447264932,40.4723201666198
-86.9912439726335,40.4723203055527
-86.9912433474674,40.4723204496148
-86.9912426487699,40.4723208645676
-86.9912419807712,40.4723210422356
-86.9912412997186,40.4723215718939
-86.9912406967283,40.4723218346488
-86.9912400960492,40.4723223356711
-86.9912394596566,40.4723228220435
-86.9912389217604,40.4723232890231
-86.9912383791969,40.4723238148896
-86.9912378608851,40.4723242488953
-86.9912372833561,40.4723247222963
-86.9912367621769,40.4723250984168
-86.9912361150379,40.4723254962132
-86.9912354541821,40.4723259118198
-86.9912348485735,40.4723263285845
-86.9912341719642,40.4723267471075
-86.9912335352189,40.4723271215822
-86.9912328509858,40.4723274358855
-86.9912321093774,40.4723276397504
-86.9912313352213,40.4723278195463
-86.991230609322,40.4723278601832
-86.991229837584,40.4723278575145
-86.9912291158189,40.4723278282023
-86.9912284452672,40.4723277664842
-86.991227758592,40.4723276482406
-86.9912271532759,40.4723274814306
-86.9912265554636,40.4723272479225
-86.9912259535268,40.4723270246947
-86.991225424783,40.4723267481001
-86.9912248774814,40.4723264717756
-86.9912243167233,40.4723261510454
-86.9912237412792,40.4723257861371
-86.991223111935,40.4723254341385
-86.9912225230283,40.4723250001962
-86.9912219898531,40.4723246156075
-86.9912214426698,40.4723241915851
-86.9912209257333,40.4723238269009
-86.9912205317158,40.4723233588382
-86.9912202257676,40.4723227062068
-86.9912197924245,40.4723222160288
-86.991219389757,40.4723216644941
-86.9912190696837,40.4723210017143
-86.9912185688026,40.4723203929407
-86.991218271098,40.4723196879205
-86.9912180236547,40.4723190720994
-86.9912177970478,40.4723184754679
-86.9912176608081,40.4723178767444
-86.991217573156,40.4723173335239
-86.9912175395829,40.4723167509042
-86.9912176246723,40.4723162223947
-86.9912177634327,40.4723156234229
-86.9912180273354,40.4723150081614
-86.9912183280214,40.4723144086066
-86.9912187384893,40.4723138414596
-86.9912191892761,40.4723133570626
-86.9912196839915,40.4723129241423
-86.9912202077699,40.4723125467947
-86.9912207098337,40.4723121210677
-86.9912212584512,40.4723116780105
-86.9912218474393,40.4723113159999
-86.991222474263,40.472310927472
-86.9912231074674,40.4723105445628
-86.9912236888048,40.4723101157247
-86.9912244853029,40.4723097080322
-86.9912252940772,40.4723093023833
-86.9912260449079,40.472308973599
-86.9912269492623,40.4723086904641
-86.9912278207601,40.4723084622864
-86.9912285571223,40.472308233838
-86.99122945029,40.4723080856081
-86.9912303697552,40.4723079924576
-86.9912312911785,40.4723079671418
-86.9912320796987,40.4723080674083
-86.9912328294618,40.472308241878
-86.9912336379855,40.4723084740703
-86.9912344044572,40.4723086783103
-86.9912351749269,40.4723089760509
-86.9912359140657,40.4723092209937
-86.9912366795011,40.4723094866582
-86.9912372753175,40.4723097962722
-86.9912378003887,40.4723101748452
-86.9912384079665,40.4723106566308
-86.9912389697484,40.4723111691807
-86.9912395574985,40.4723116256514
-86.991240158616,40.4723120815862
-86.9912407372693,40.4723125737723
-86.9912412813259,40.4723129289953
-86.9912418350642,40.4723133956673
-86.9912423820826,40.4723138829221
-86.991242946397,40.4723142914416
-86.9912435204694,40.4723147539978
-86.9912440777119,40.472315191507
-86.9912446258243,40.4723156329872
-86.9912454255494,40.4723161534176
-86.9912461112489,40.4723165486594
-86.9912469735535,40.472316905968
-86.9912475946577,40.4723172862228
-86.9912483885419,40.4723175598243
-86.9912493522964,40.4723178260056
-86.9912501355401,40.4723181830051
-86.9912508173882,40.4723179842403
-86.9912510771668,40.4723179669173
-86.9912511612517,40.4723180372453
-86.9912514033926,40.4723179954391
-86.9912519310242,40.4723179957765
-86.9912526783868,40.4723178788636
-86.9912537021458,40.4723175135514
-86.9912549038851,40.4723175164885
-86.9912556004618,40.4723170819881
-86.9912566480315,40.472317074961
-86.9912577159559,40.4723168943785
-86.9912586939325,40.4723166939575
-86.9912598147702,40.4723166257367
-86.9912607498028,40.4723165846477
-86.9912617167047,40.4723167114147
-86.9912623430801,40.4723165107885
-86.9912634144341,40.4723164373665
-86.9912644115366,40.4723165118083
-86.9912653312789,40.4723162649032
-86.9912661587552,40.4723162088371
-86.9912671195418,40.4723162227485
-86.9912679106617,40.4723164246293
-86.9912687240498,40.4723167654691
-86.9912698927938,40.4723168061699
-86.9912707018701,40.4723165872673
-86.9912714573626,40.4723165051406
-86.9912722767274,40.4723169164397
-86.9912732477451,40.4723169561178
-86.9912740977682,40.4723169491262
-86.9912749352046,40.4723173483144
-86.9912758138719,40.4723175583429
-86.9912767344194,40.4723175850084
-86.9912774511787,40.4723177363367
-86.991278306395,40.4723177654467
-86.9912789285008,40.4723181046722
-86.9912797128523,40.4723183509081
-86.9912805609949,40.4723188837591
-86.9912813593774,40.4723190877203
-86.9912820352379,40.4723193717785
-86.9912827975709,40.47231994308
-86.99128335755,40.4723202228862
-86.9912840651032,40.4723208034458
-86.9912847877624,40.4723213909401
-86.9912852903178,40.4723218010617
-86.9912857906252,40.4723220879903
-86.9912862753452,40.4723225773794
-86.9912868944147,40.4723231933267
-86.9912876468846,40.4723235106383
-86.9912881566864,40.472323947364
-86.9912887426791,40.4723242471387
-86.9912892443254,40.4723245071847
-86.9912896648082,40.4723251650683
-86.9912903379626,40.472325115775
-86.9912908365847,40.4723251896893
-86.9912912603061,40.4723254286599
-86.9912918637389,40.4723254580548
-86.9912928952818,40.4723255769096
-86.9912937306204,40.472325456502
-86.9912942117507,40.4723252444283
-86.9912947964818,40.472325234808
-86.9912955930096,40.4723250860288
-86.991296061897,40.4723248603532
-86.9912967555832,40.4723246357288
-86.991297229999,40.4723246461165
-86.9912976973841,40.4723242469708
-86.9912982526176,40.4723239241117
-86.9912988314044,40.472323745465
-86.991299432851,40.4723235841847
-86.9913000724644,40.4723229563094
-86.9913005130447,40.4723225442767
-86.9913009205101,40.4723222157589
-86.9913012982679,40.4723217304899
-86.9913015572333,40.4723210896082
-86.9913019355268,40.4723204658095
-86.9913023700014,40.4723200689605
-86.9913029400126,40.4723196039906
-86.9913033062675,40.4723190148519
-86.9913037277673,40.472318589381
-86.9913040442627,40.4723180146876
-86.9913042998187,40.4723175135822
-86.9913044212817,40.4723172657336
-86.9913041653886,40.4723165868179
-86.9913042811981,40.4723160484095
-86.9913040983982,40.472315455568
-86.9913040921956,40.4723148578224
-86.9913038560727,40.4723143147824
-86.9913036828256,40.4723138900363
-86.9913034100937,40.4723133807506
-86.9913033184717,40.472312962185
-86.9913027602212,40.4723123632675
-86.9913024709969,40.4723118970691
-86.9913021444794,40.4723114422094
-86.9913019442628,40.4723110232312
-86.9913014972185,40.472310480194
-86.9913007438855,40.4723101035492
-86.991300447841,40.4723099387624
-86.9912998120502,40.4723097023916
-86.9912993688869,40.4723093498187
-86.9912987099002,40.4723089568962
-86.9912982395695,40.4723086701893
-86.9912976987409,40.4723082723752
-86.9912968939422,40.4723080545075
-86.9912963933967,40.4723079379702
-86.9912960740026,40.4723075292022
-86.9912949753792,40.4723072914905
-86.9912947003513,40.4723069933499
-86.9912935950855,40.4723067704443
-86.9912928921467,40.4723063519137
-86.9912923924351,40.4723061052056
-86.9912916331747,40.4723061727875
-86.991291049003,40.4723063016665
-86.9912903921996,40.4723062891484
-86.9912898134442,40.4723063293035
-86.9912891413458,40.472306475672
-86.9912886860461,40.4723066384065
-86.9912884758391,40.4723062856557
-86.991288087624,40.4723064396268
-86.9912874965895,40.4723066415909
-86.9912869738301,40.4723066386433
-86.9912864703746,40.4723071284226
-86.9912861431835,40.4723071017567
-86.9912857080023,40.4723074656974
-86.9912853192884,40.4723079127141
-86.9912849399701,40.472308006039
-86.9912846200016,40.4723081949764
-86.9912841840845,40.4723089280457
-86.9912837718694,40.4723095702383
-86.991283559299,40.4723096716229
-86.9912830202113,40.4723101136526
-86.9912824481238,40.4723105264777
-86.9912819483816,40.4723106698103
-86.9912815129054,40.4723111766696
-86.9912808482166,40.4723116786586
-86.9912804294487,40.4723118808785
-86.9912799102312,40.4723122029696
-86.9912795694041,40.4723128122512
-86.9912788058066,40.4723131300036
-86.9912783206319,40.4723134433979
-86.9912778936121,40.4723137865843
-86.9912770011448,40.4723140936005
-86.9912762269115,40.4723143786938
-86.9912755977732,40.4723144433542
-86.9912748582653,40.4723144911412
-86.9912743740399,40.472314635124
-86.9912734932887,40.4723145878905
-86.9912729275842,40.4723147070789
-86.9912722017233,40.472314532294
-86.9912715902681,40.4723145446998
-86.9912709396742,40.4723146051309
-86.9912702570171,40.4723145701527
-86.9912695880829,40.4723144885491
-86.9912688452638,40.4723145688691
-86.9912679271219,40.4723144398685
-86.991266977979,40.4723143759575
-86.9912659017855,40.4723140153567
-86.9912653041103,40.4723140431615
-86.9912647412174,40.472314111336
-86.9912639571709,40.4723140399064
-86.9912633561612,40.472313829849
-86.9912624932097,40.4723139247318
-86.9912622823008,40.472313743406
-86.991261897412,40.4723137693702
-86.991261642806,40.4723137796548
-86.9912614335205,40.4723138243642
-86.991261260789,40.4723138067118
-86.9912611033139,40.4723138580299
-86.9912610361635,40.4723138552065
-86.9912611314269,40.4723138501854
-86.9912611725301,40.4723138400339
-86.991261128077,40.4723138639022
-86.9912611625537,40.4723138537228
-86.9912611702005,40.4723138536114
-86.9912612095993,40.4723138223376
-86.9912611846376,40.4723138277119
-86.9912611779026,40.4723138343137
-86.9912611545248,40.472313844501
-86.9912611655461,40.472313831505
-86.9912611641436,40.4723138250319
-86.9912611490071,40.4723138087777
-86.991261164676,40.4723137919897
-86.9912611453694,40.4723138116557
-86.9912611417238,40.472313806304
-86.9912611418299,40.4723137939978
-86.9912611248251,40.4723138107218
-86.9912611218438,40.4723137961937
-86.9912611394352,40.4723137792523
-86.9912611381127,40.4723137527557
-86.9912611320274,40.4723137660842
-86.9912611231707,40.4723137501144
-86.991261092008,40.4723137579127
-86.9912611530055,40.472313745702
-86.9912611276034,40.4723137655705
-86.9912611338835,40.4723137842608
-86.9912611399762,40.472313790337
-86.9912611094411,40.4723137355461
-86.9912610770078,40.4723137688388
-86.9912611163294,40.4723137269735
-86.9912610710353,40.4723137623859
-86.991261090799,40.4723137480813
-86.9912610927929,40.4723137536516
-86.9912610856667,40.4723137715603
-86.9912611098192,40.4723137603044
-86.9912611253131,40.4723137435395
-86.9912611205021,40.4723137299136
-86.9912611214918,40.4723137232868
-86.9912611239135,40.4723137097111
-86.9912611344766,40.4723136867116
-86.9912611471865,40.472313687409
-86.9912611535976,40.4723136709879
-86.9912611472726,40.4723136755922
-86.991261118119,40.4723136588101
-86.991261136981,40.4723136756593
-86.9912611393191,40.4723136623503
-86.9912611624777,40.4723136417061
-86.9912611512275,40.4723136611949
-86.9912611633625,40.4723136491486
-86.9912611846836,40.4723136547814
-86.9912609898659,40.4723137010384
-86.9912607824737,40.4723137094968
-86.9912609565842,40.4723136632549
-86.9912610663275,40.4723136411052
-86.9912610126393,40.4723136475255
-86.9912606524342,40.4723136877257
-86.9912599099818,40.4723136217794
-86.9912593413492,40.4723133365917
-86.9912594149332,40.472313448892
-86.991259542754,40.4723134533769
-86.9912595331833,40.4723134316281
-86.9912594670104,40.4723134236506
-86.991259433145,40.4723134423472
-86.9912591150227,40.4723134210723
-86.9912585946077,40.4723133206537
-86.991258176207,40.4723132441737
-86.9912584326082,40.4723132600397
-86.9912586503977,40.4723132881354
-86.9912586624709,40.4723132863999
-86.9912586091997,40.4723132568239
-86.9912586090222,40.4723132669824
-86.9912586035173,40.4723132604278
-86.9912586219042,40.4723132496244
-86.9912585922441,40.4723132406679
-86.9912585895777,40.4723132415704
-86.991258600085,40.4723131955731
-86.9912585768251,40.4723132014101
-86.9912586373019,40.4723131879684
-86.9912586029289,40.4723131646751
-86.9912585739378,40.4723131521978
-86.9912585339579,40.4723131775331
-86.991258515388,40.4723131576933
-86.9912585520998,40.4723131684358
-86.9912585168943,40.4723132152541
-86.9912585467591,40.4723132053704
-86.9912585633043,40.4723131979136
-86.9912585770352,40.4723132006537
-86.9912585768232,40.4723131753891
-86.9912585711224,40.4723131683833
-86.9912585667994,40.472313150531
-86.9912585796036,40.4723131791175
-86.9912585553115,40.4723131693494
-86.9912585511729,40.4723131679873
-86.9912585793606,40.472313174044
-86.99125859682,40.4723131593452
-86.9912585629183,40.4723131687492
-86.9912585992143,40.4723131539812
-86.9912585836868,40.4723131485531
-86.9912586147936,40.4723131457348
-86.9912585670143,40.4723131708095
-86.9912586004097,40.4723131543568
-86.9912586082212,40.4723131421328
-86.9912586003256,40.4723131309315
-86.9912585779175,40.4723131321853
-86.991258587469,40.4723131465236
-86.991258575413,40.4723131529488
-86.9912585900751,40.4723131443671
-86.9912585907744,40.4723131542177
-86.9912585707923,40.4723131639107
-86.9912585578992,40.4723131739364
-86.9912585543856,40.4723131534623
-86.9912585394602,40.4723131585628
-86.9912585446891,40.4723131487744
-86.9912585536342,40.4723131269243
-86.9912585488008,40.4723131444375
-86.9912585480914,40.4723131298121
-86.9912585353984,40.4723131364368
-86.99125854938,40.4723131284448
-86.9912585577585,40.4723131101581
-86.9912585245562,40.4723131293362
-86.9912585524589,40.472313109724
-86.9912585534871,40.4723131022361
-86.9912585482832,40.4723130872068
-86.9912585516342,40.4723130920276
-86.991258550221,40.4723131026233
-86.9912585339064,40.4723131020108
-86.991258556319,40.4723130777684
-86.9912585487732,40.4723130978516
-86.9912585502669,40.4723130773743
-86.9912585565278,40.4723130883379
